{"text":"Love Melbourne Museum. So good if you have little ones.","contributors":null,"geo":{"type":"Point","coordinates":[-37.81298503,144.95371512]},"retweeted":false,"in_reply_to_screen_name":null,"truncated":false,"entities":{"urls":[],"hashtags":[],"user_mentions":[]},"in_reply_to_status_id_str":null,"id":188521596611334144,"source":"<a href=\"http:\/\/twitter.com\/#!\/download\/iphone\" rel=\"nofollow\">Twitter for iPhone<\/a>","in_reply_to_user_id_str":null,"favorited":false,"in_reply_to_status_id":null,"created_at":"Sat Apr 07 07:00:25 +0000 2012","retweet_count":0,"in_reply_to_user_id":null,"id_str":"188521596611334144","place":null,"user":{"location":"Melbourne, Australia","default_profile":true,"profile_background_tile":false,"statuses_count":68,"lang":"en","profile_link_color":"0084B4","id":227252122,"following":null,"favourites_count":0,"protected":false,"profile_text_color":"333333","description":"My name is Jen and I have a little virtual PA business.  I love Fashion, Food and Travel.  I have three beautiful boys: Kevin, Jackson and Lachlan.  ","contributors_enabled":false,"verified":false,"profile_sidebar_border_color":"C0DEED","name":"Jennifer Sze","profile_background_color":"C0DEED","created_at":"Thu Dec 16 09:51:22 +0000 2010","default_profile_image":false,"followers_count":23,"profile_image_url_https":"https:\/\/si0.twimg.com\/profile_images\/1194705009\/Web-Button_for_Twitter_normal.gif","geo_enabled":true,"profile_background_image_url":"http:\/\/a0.twimg.com\/images\/themes\/theme1\/bg.png","profile_background_image_url_https":"https:\/\/si0.twimg.com\/images\/themes\/theme1\/bg.png","follow_request_sent":null,"url":"http:\/\/yourbaysidevirtualpa.com.au","utc_offset":36000,"time_zone":"Melbourne","notifications":null,"friends_count":33,"profile_use_background_image":true,"profile_sidebar_fill_color":"DDEEF6","screen_name":"yourbaysideva","id_str":"227252122","show_all_inline_media":false,"profile_image_url":"http:\/\/a0.twimg.com\/profile_images\/1194705009\/Web-Button_for_Twitter_normal.gif","listed_count":0,"is_translator":false},"coordinates":{"type":"Point","coordinates":[144.95371512,-37.81298503]}}
{"text":"Midnight jam session :) (@ Melbourne Museum) http:\/\/t.co\/VHzMgcmh","contributors":null,"geo":{"type":"Point","coordinates":[-37.80348578,144.97169673]},"retweeted":false,"in_reply_to_screen_name":null,"possibly_sensitive":false,"truncated":false,"entities":{"urls":[{"expanded_url":"http:\/\/4sq.com\/HodTlr","indices":[45,65],"display_url":"4sq.com\/HodTlr","url":"http:\/\/t.co\/VHzMgcmh"}],"hashtags":[],"user_mentions":[]},"in_reply_to_status_id_str":null,"id":188616224404545538,"in_reply_to_user_id_str":null,"source":"<a href=\"http:\/\/foursquare.com\" rel=\"nofollow\">foursquare<\/a>","favorited":false,"in_reply_to_status_id":null,"created_at":"Sat Apr 07 13:16:26 +0000 2012","retweet_count":0,"in_reply_to_user_id":null,"possibly_sensitive_editable":true,"id_str":"188616224404545538","place":null,"user":{"location":"Australia","default_profile":false,"profile_background_tile":true,"statuses_count":3197,"lang":"en","profile_link_color":"009999","id":17568521,"following":null,"favourites_count":0,"protected":false,"profile_text_color":"333333","description":"Self confessed lunatic who takes pleasure korean\/japanese pop music, fashion, hip hop and the evil advertising world.","contributors_enabled":false,"verified":false,"profile_sidebar_border_color":"eeeeee","name":"Marnie","profile_background_color":"131516","created_at":"Sun Nov 23 04:00:15 +0000 2008","default_profile_image":false,"followers_count":72,"profile_image_url_https":"https:\/\/si0.twimg.com\/profile_images\/1376917069\/Photo_on_2011-06-01_at_10.04_normal.jpg","geo_enabled":true,"profile_background_image_url":"http:\/\/a0.twimg.com\/profile_background_images\/262042996\/209202_10150168378216892_722166891_7234056_2891323_o.jpg","profile_background_image_url_https":"https:\/\/si0.twimg.com\/profile_background_images\/262042996\/209202_10150168378216892_722166891_7234056_2891323_o.jpg","follow_request_sent":null,"url":"http:\/\/www.marnie-says.blogspot.com","utc_offset":36000,"time_zone":"Melbourne","notifications":null,"friends_count":184,"profile_use_background_image":true,"profile_sidebar_fill_color":"efefef","screen_name":"_strongbaby","id_str":"17568521","show_all_inline_media":false,"profile_image_url":"http:\/\/a0.twimg.com\/profile_images\/1376917069\/Photo_on_2011-06-01_at_10.04_normal.jpg","listed_count":0,"is_translator":false},"coordinates":{"type":"Point","coordinates":[144.97169673,-37.80348578]}}
{"text":"I'm at Melbourne Museum (Carlton, VIC) http:\/\/t.co\/Z0jwclBA","contributors":null,"geo":{"type":"Point","coordinates":[-37.80348578,144.97169673]},"retweeted":false,"in_reply_to_screen_name":null,"possibly_sensitive":false,"truncated":false,"entities":{"urls":[{"expanded_url":"http:\/\/4sq.com\/Hoq7Gh","indices":[39,59],"display_url":"4sq.com\/Hoq7Gh","url":"http:\/\/t.co\/Z0jwclBA"}],"hashtags":[],"user_mentions":[]},"in_reply_to_status_id_str":null,"id":189522625318494211,"source":"<a href=\"http:\/\/foursquare.com\" rel=\"nofollow\">foursquare<\/a>","in_reply_to_user_id_str":null,"favorited":false,"in_reply_to_status_id":null,"in_reply_to_user_id":null,"retweet_count":0,"created_at":"Tue Apr 10 01:18:09 +0000 2012","possibly_sensitive_editable":true,"id_str":"189522625318494211","place":null,"user":{"location":"Melbourne Aust","default_profile":false,"profile_background_tile":true,"statuses_count":274,"lang":"en","profile_link_color":"FF0000","id":22683777,"following":null,"favourites_count":119,"protected":false,"profile_text_color":"3D1957","verified":false,"contributors_enabled":false,"description":"live & learn or don't & die. I don't care","name":"Jayp","profile_sidebar_border_color":"65B0DA","profile_background_color":"642D8B","created_at":"Tue Mar 03 21:34:48 +0000 2009","default_profile_image":false,"followers_count":80,"profile_image_url_https":"https:\/\/si0.twimg.com\/profile_images\/1807208595\/jaypworkRS_normal.jpg","geo_enabled":true,"profile_background_image_url":"http:\/\/a0.twimg.com\/images\/themes\/theme10\/bg.gif","profile_background_image_url_https":"https:\/\/si0.twimg.com\/images\/themes\/theme10\/bg.gif","follow_request_sent":null,"url":null,"utc_offset":36000,"time_zone":"Melbourne","notifications":null,"friends_count":395,"profile_use_background_image":true,"profile_sidebar_fill_color":"7AC3EE","screen_name":"Polarbear74","id_str":"22683777","show_all_inline_media":false,"profile_image_url":"http:\/\/a0.twimg.com\/profile_images\/1807208595\/jaypworkRS_normal.jpg","listed_count":0,"is_translator":false},"coordinates":{"type":"Point","coordinates":[144.97169673,-37.80348578]}}
{"text":"#sunset over #melbourne #museum #heritage #iphoneography   @ Melbourne Museum http:\/\/t.co\/XSW1YSie","contributors":null,"geo":{"type":"Point","coordinates":[-37.80348578,144.97169673]},"retweeted":false,"in_reply_to_screen_name":null,"possibly_sensitive":false,"truncated":false,"entities":{"urls":[{"expanded_url":"http:\/\/instagr.am\/p\/JR8kiIyZtt\/","indices":[78,98],"display_url":"instagr.am\/p\/JR8kiIyZtt\/","url":"http:\/\/t.co\/XSW1YSie"}],"hashtags":[{"text":"sunset","indices":[0,7]},{"text":"melbourne","indices":[13,23]},{"text":"museum","indices":[24,31]},{"text":"heritage","indices":[32,41]},{"text":"iphoneography","indices":[42,56]}],"user_mentions":[]},"in_reply_to_status_id_str":null,"id":190063361042554881,"in_reply_to_user_id_str":null,"source":"<a href=\"http:\/\/instagr.am\" rel=\"nofollow\">Instagram<\/a>","favorited":false,"in_reply_to_status_id":null,"created_at":"Wed Apr 11 13:06:51 +0000 2012","in_reply_to_user_id":null,"retweet_count":0,"possibly_sensitive_editable":true,"id_str":"190063361042554881","place":null,"user":{"location":"Melbourne, Australia","default_profile":false,"statuses_count":8004,"profile_background_tile":false,"lang":"en","profile_link_color":"2FC2EF","id":15945756,"following":null,"protected":false,"favourites_count":3,"profile_text_color":"666666","description":"just a guy who is wandering the life","contributors_enabled":false,"verified":false,"name":"Sonny K.","profile_sidebar_border_color":"181A1E","profile_background_color":"1A1B1F","created_at":"Fri Aug 22 15:00:03 +0000 2008","default_profile_image":false,"followers_count":952,"geo_enabled":true,"profile_image_url_https":"https:\/\/si0.twimg.com\/profile_images\/1191969435\/_MG_4425-400_normal.jpg","profile_background_image_url":"http:\/\/a0.twimg.com\/profile_background_images\/4351236\/blac2-1600.png","profile_background_image_url_https":"https:\/\/si0.twimg.com\/profile_background_images\/4351236\/blac2-1600.png","follow_request_sent":null,"url":"http:\/\/jishan.tumblr.com","utc_offset":36000,"time_zone":"Melbourne","notifications":null,"profile_use_background_image":true,"friends_count":122,"profile_sidebar_fill_color":"252429","screen_name":"jishanvn","id_str":"15945756","profile_image_url":"http:\/\/a0.twimg.com\/profile_images\/1191969435\/_MG_4425-400_normal.jpg","show_all_inline_media":true,"listed_count":24,"is_translator":false},"coordinates":{"type":"Point","coordinates":[144.97169673,-37.80348578]}}
{"contributors":null,"text":"I'm at Melbourne Museum (Carlton, VIC) http:\/\/t.co\/Gh4RokTD","geo":{"type":"Point","coordinates":[-37.80348578,144.97169673]},"retweeted":false,"in_reply_to_screen_name":null,"possibly_sensitive":false,"truncated":false,"entities":{"urls":[{"expanded_url":"http:\/\/4sq.com\/HJahZN","indices":[39,59],"display_url":"4sq.com\/HJahZN","url":"http:\/\/t.co\/Gh4RokTD"}],"hashtags":[],"user_mentions":[]},"in_reply_to_status_id_str":null,"id":187331971381338113,"in_reply_to_user_id_str":null,"source":"<a href=\"http:\/\/foursquare.com\" rel=\"nofollow\">foursquare<\/a>","favorited":false,"in_reply_to_status_id":null,"in_reply_to_user_id":null,"retweet_count":0,"created_at":"Wed Apr 04 00:13:17 +0000 2012","possibly_sensitive_editable":true,"id_str":"187331971381338113","place":null,"user":{"location":"Auckland, New Zealand","default_profile":false,"statuses_count":8222,"profile_background_tile":true,"lang":"en","profile_link_color":"FF0000","id":21386144,"following":null,"favourites_count":39,"protected":false,"profile_text_color":"0C3E53","verified":false,"description":"Family History Librarian. Best job in the world. I tweet genealogy, libraries and other unrelated stuff too. Enjoy Twitter conversations. My Tweets my own.","contributors_enabled":false,"name":"Seonaid Lewis","profile_sidebar_border_color":"F2E195","profile_background_color":"BADFCD","created_at":"Fri Feb 20 09:40:44 +0000 2009","default_profile_image":false,"followers_count":1144,"profile_image_url_https":"https:\/\/si0.twimg.com\/profile_images\/1275545252\/Seonaid_Lewis-1_normal.jpg","geo_enabled":true,"profile_background_image_url":"http:\/\/a0.twimg.com\/profile_background_images\/56042825\/TORBAY.JPG","profile_background_image_url_https":"https:\/\/si0.twimg.com\/profile_background_images\/56042825\/TORBAY.JPG","follow_request_sent":null,"url":"http:\/\/huntingancestors.blogspot.com","utc_offset":43200,"time_zone":"Wellington","notifications":null,"profile_use_background_image":true,"friends_count":1222,"profile_sidebar_fill_color":"FFF7CC","screen_name":"genebrarian","id_str":"21386144","profile_image_url":"http:\/\/a0.twimg.com\/profile_images\/1275545252\/Seonaid_Lewis-1_normal.jpg","show_all_inline_media":true,"listed_count":83,"is_translator":false},"coordinates":{"type":"Point","coordinates":[144.97169673,-37.80348578]}}
{"text":"Hhmmmm.....  @ Melbourne Museum http:\/\/t.co\/Pxzh815i","contributors":null,"geo":{"type":"Point","coordinates":[-37.80348578,144.97169673]},"retweeted":false,"in_reply_to_screen_name":null,"possibly_sensitive":false,"truncated":false,"entities":{"urls":[{"expanded_url":"http:\/\/instagr.am\/p\/JEcaz0ERrb\/","indices":[32,52],"display_url":"instagr.am\/p\/JEcaz0ERrb\/","url":"http:\/\/t.co\/Pxzh815i"}],"hashtags":[],"user_mentions":[]},"in_reply_to_status_id_str":null,"id":188162936391475200,"in_reply_to_user_id_str":null,"source":"<a href=\"http:\/\/instagr.am\" rel=\"nofollow\">Instagram<\/a>","favorited":false,"in_reply_to_status_id":null,"retweet_count":0,"in_reply_to_user_id":null,"created_at":"Fri Apr 06 07:15:14 +0000 2012","possibly_sensitive_editable":true,"id_str":"188162936391475200","place":null,"user":{"location":"Sydney, Australia.","default_profile":false,"statuses_count":657,"profile_background_tile":true,"lang":"en","profile_link_color":"009999","id":17821636,"following":null,"protected":false,"favourites_count":1,"profile_text_color":"333333","contributors_enabled":false,"description":"Marketing guy at Melb IT. Founder of Amnesia Skateboards.\r\nSkater, creator and family man.\r\nAll views here my own, not employer's etc.","verified":false,"name":"Chris Yeoh","profile_sidebar_border_color":"eeeeee","profile_background_color":"131516","created_at":"Tue Dec 02 23:03:26 +0000 2008","default_profile_image":false,"followers_count":149,"geo_enabled":true,"profile_image_url_https":"https:\/\/si0.twimg.com\/profile_images\/1747151459\/1325301551465_45015_normal.jpg","profile_background_image_url":"http:\/\/a0.twimg.com\/images\/themes\/theme14\/bg.gif","profile_background_image_url_https":"https:\/\/si0.twimg.com\/images\/themes\/theme14\/bg.gif","follow_request_sent":null,"url":"http:\/\/amnesiaskateboards.com.au\/","utc_offset":36000,"time_zone":"Sydney","notifications":null,"friends_count":137,"profile_use_background_image":true,"profile_sidebar_fill_color":"efefef","screen_name":"yeohflow","id_str":"17821636","profile_image_url":"http:\/\/a0.twimg.com\/profile_images\/1747151459\/1325301551465_45015_normal.jpg","show_all_inline_media":false,"listed_count":1,"is_translator":false},"coordinates":{"type":"Point","coordinates":[144.97169673,-37.80348578]}}
{"text":"I'm at Melbourne Museum (Carlton, VIC) http:\/\/t.co\/or5yxMn6","contributors":null,"geo":{"type":"Point","coordinates":[-37.80348578,144.97169673]},"retweeted":false,"in_reply_to_screen_name":null,"possibly_sensitive":false,"truncated":false,"entities":{"urls":[{"expanded_url":"http:\/\/4sq.com\/I4P0KK","indices":[39,59],"display_url":"4sq.com\/I4P0KK","url":"http:\/\/t.co\/or5yxMn6"}],"hashtags":[],"user_mentions":[]},"in_reply_to_status_id_str":null,"id":188133919521116160,"in_reply_to_user_id_str":null,"source":"<a href=\"http:\/\/foursquare.com\" rel=\"nofollow\">foursquare<\/a>","favorited":false,"in_reply_to_status_id":null,"retweet_count":0,"in_reply_to_user_id":null,"created_at":"Fri Apr 06 05:19:56 +0000 2012","possibly_sensitive_editable":true,"id_str":"188133919521116160","place":null,"user":{"location":"37.47S, 144.58E","default_profile":false,"statuses_count":1108,"profile_background_tile":false,"lang":"en","profile_link_color":"0084B4","id":37242491,"following":null,"protected":false,"favourites_count":10,"profile_text_color":"333333","contributors_enabled":false,"description":"MIR in UniMelb now \/ Jinan University, Zhuhai \/ Forza Milan! \/ Liberal","verified":false,"name":"Zhuang Zhong","profile_sidebar_border_color":"a8c7f7","profile_background_color":"022330","created_at":"Sat May 02 17:38:46 +0000 2009","default_profile_image":false,"followers_count":51,"geo_enabled":true,"profile_image_url_https":"https:\/\/si0.twimg.com\/profile_images\/641524950\/IMG_0034_normal.JPG","profile_background_image_url":"http:\/\/a0.twimg.com\/images\/themes\/theme15\/bg.png","profile_background_image_url_https":"https:\/\/si0.twimg.com\/images\/themes\/theme15\/bg.png","follow_request_sent":null,"url":null,"utc_offset":36000,"time_zone":"Sydney","notifications":null,"friends_count":104,"profile_use_background_image":true,"profile_sidebar_fill_color":"C0DFEC","screen_name":"zhuangzhong","id_str":"37242491","profile_image_url":"http:\/\/a0.twimg.com\/profile_images\/641524950\/IMG_0034_normal.JPG","show_all_inline_media":true,"listed_count":3,"is_translator":true},"coordinates":{"type":"Point","coordinates":[144.97169673,-37.80348578]}}
{"text":"I'm at Melbourne Museum (Carlton, VIC) http:\/\/t.co\/2tIdaWOw","contributors":null,"geo":{"type":"Point","coordinates":[-37.80348578,144.97169673]},"retweeted":false,"in_reply_to_screen_name":null,"possibly_sensitive":false,"truncated":false,"entities":{"urls":[{"expanded_url":"http:\/\/4sq.com\/I3uSaN","indices":[39,59],"display_url":"4sq.com\/I3uSaN","url":"http:\/\/t.co\/2tIdaWOw"}],"hashtags":[],"user_mentions":[]},"in_reply_to_status_id_str":null,"id":192757201260126209,"source":"<a href=\"http:\/\/foursquare.com\" rel=\"nofollow\">foursquare<\/a>","in_reply_to_user_id_str":null,"favorited":false,"in_reply_to_status_id":null,"in_reply_to_user_id":null,"retweet_count":0,"created_at":"Wed Apr 18 23:31:12 +0000 2012","possibly_sensitive_editable":true,"id_str":"192757201260126209","place":null,"user":{"location":"Melbourne Aust","default_profile":false,"profile_background_tile":true,"statuses_count":293,"lang":"en","profile_link_color":"FF0000","id":22683777,"following":null,"protected":false,"favourites_count":119,"profile_text_color":"3D1957","verified":false,"description":"live & learn or don't & die. I don't care","contributors_enabled":false,"name":"Jayp","profile_sidebar_border_color":"65B0DA","profile_background_color":"642D8B","created_at":"Tue Mar 03 21:34:48 +0000 2009","default_profile_image":false,"followers_count":85,"profile_image_url_https":"https:\/\/si0.twimg.com\/profile_images\/1807208595\/jaypworkRS_normal.jpg","geo_enabled":true,"profile_background_image_url":"http:\/\/a0.twimg.com\/images\/themes\/theme10\/bg.gif","profile_background_image_url_https":"https:\/\/si0.twimg.com\/images\/themes\/theme10\/bg.gif","follow_request_sent":null,"url":null,"utc_offset":36000,"time_zone":"Melbourne","notifications":null,"friends_count":402,"profile_use_background_image":true,"profile_sidebar_fill_color":"7AC3EE","screen_name":"Polarbear74","id_str":"22683777","show_all_inline_media":false,"profile_image_url":"http:\/\/a0.twimg.com\/profile_images\/1807208595\/jaypworkRS_normal.jpg","listed_count":0,"is_translator":false},"coordinates":{"type":"Point","coordinates":[144.97169673,-37.80348578]}}
{"text":"Hha xD bukan itu tadi piknik sama kluarga di melbourne museum RT @DinnyMS: Cieee avanya si @swariwiratno kayak.a foto di halaman kampus yeee","contributors":null,"geo":{"type":"Point","coordinates":[-37.89888455,145.04896565]},"retweeted":false,"in_reply_to_screen_name":null,"truncated":false,"entities":{"urls":[],"hashtags":[],"user_mentions":[{"id":157665041,"name":"dinny mayangsari","indices":[65,73],"screen_name":"DinnyMS","id_str":"157665041"},{"id":47945779,"name":"\u30b9\u30ef\u30ea \u30a6\u30a3\u30e9\u30c4\u30ce","indices":[91,104],"screen_name":"swariwiratno","id_str":"47945779"}]},"in_reply_to_status_id_str":null,"id":188926252676161538,"source":"<a href=\"http:\/\/www.tweetcaster.com\" rel=\"nofollow\">TweetCaster for Android<\/a>","in_reply_to_user_id_str":null,"favorited":false,"in_reply_to_status_id":null,"created_at":"Sun Apr 08 09:48:23 +0000 2012","retweet_count":0,"in_reply_to_user_id":null,"id_str":"188926252676161538","place":null,"user":{"location":"Melbourne, Australia","default_profile":false,"profile_background_tile":true,"statuses_count":22224,"lang":"en","profile_link_color":"1ecc33","id":47945779,"following":null,"favourites_count":57,"protected":false,"profile_text_color":"022222","description":"Hoping to be the best for my parents | Study Commerce and Japanese Language @Swinburne | #Otaku | Mention for follow back :)","contributors_enabled":false,"verified":false,"profile_sidebar_border_color":"2ade16","name":"\u30b9\u30ef\u30ea \u30a6\u30a3\u30e9\u30c4\u30ce","profile_background_color":"f7ba05","created_at":"Wed Jun 17 12:36:44 +0000 2009","default_profile_image":false,"followers_count":313,"profile_image_url_https":"https:\/\/si0.twimg.com\/profile_images\/2065338993\/profile_normal.jpg","geo_enabled":true,"profile_background_image_url":"http:\/\/a0.twimg.com\/profile_background_images\/476243859\/Love-Rain-Poster2.jpg","profile_background_image_url_https":"https:\/\/si0.twimg.com\/profile_background_images\/476243859\/Love-Rain-Poster2.jpg","follow_request_sent":null,"url":"http:\/\/www.nikkihoruda.blogspot.com","utc_offset":-28800,"time_zone":"Pacific Time (US & Canada)","notifications":null,"friends_count":302,"profile_use_background_image":true,"profile_sidebar_fill_color":"4ff518","screen_name":"swariwiratno","id_str":"47945779","show_all_inline_media":false,"profile_image_url":"http:\/\/a0.twimg.com\/profile_images\/2065338993\/profile_normal.jpg","listed_count":3,"is_translator":false},"coordinates":{"type":"Point","coordinates":[145.04896565,-37.89888455]}}
{"text":"Dinosaurs, rocks, biology &lt;3 (@ Melbourne Museum w\/ 4 others) http:\/\/t.co\/tA8rZdr5","contributors":null,"geo":{"type":"Point","coordinates":[-37.80348578,144.97169673]},"retweeted":false,"in_reply_to_screen_name":null,"possibly_sensitive":false,"truncated":false,"entities":{"urls":[{"expanded_url":"http:\/\/4sq.com\/Hx1HNa","indices":[65,85],"display_url":"4sq.com\/Hx1HNa","url":"http:\/\/t.co\/tA8rZdr5"}],"hashtags":[],"user_mentions":[]},"in_reply_to_status_id_str":null,"id":188842033266425856,"in_reply_to_user_id_str":null,"source":"<a href=\"http:\/\/foursquare.com\" rel=\"nofollow\">foursquare<\/a>","favorited":false,"in_reply_to_status_id":null,"created_at":"Sun Apr 08 04:13:43 +0000 2012","retweet_count":0,"in_reply_to_user_id":null,"possibly_sensitive_editable":true,"id_str":"188842033266425856","place":null,"user":{"location":"Melbourne, Australia","default_profile":true,"profile_background_tile":false,"statuses_count":4977,"lang":"en","profile_link_color":"0084B4","id":38837123,"following":null,"favourites_count":9,"protected":false,"profile_text_color":"333333","description":"Biochemist turned med student, aspiring polymath, nerd, gym junkie, occasional fangirl. Literature, history, Essendon. Living Bridget Jones moments every day.","contributors_enabled":false,"verified":false,"profile_sidebar_border_color":"C0DEED","name":"Christine Wade","profile_background_color":"C0DEED","created_at":"Sat May 09 11:17:31 +0000 2009","default_profile_image":false,"followers_count":94,"profile_image_url_https":"https:\/\/si0.twimg.com\/profile_images\/1921808001\/552033_10151416263790414_703055413_23557450_1779167681_n_normal.jpg","geo_enabled":true,"profile_background_image_url":"http:\/\/a0.twimg.com\/images\/themes\/theme1\/bg.png","profile_background_image_url_https":"https:\/\/si0.twimg.com\/images\/themes\/theme1\/bg.png","follow_request_sent":null,"url":"http:\/\/www.facebook.com\/xtina18","utc_offset":36000,"time_zone":"Melbourne","notifications":null,"friends_count":131,"profile_use_background_image":true,"profile_sidebar_fill_color":"DDEEF6","screen_name":"imaginaryvigil","id_str":"38837123","show_all_inline_media":true,"profile_image_url":"http:\/\/a0.twimg.com\/profile_images\/1921808001\/552033_10151416263790414_703055413_23557450_1779167681_n_normal.jpg","listed_count":0,"is_translator":false},"coordinates":{"type":"Point","coordinates":[144.97169673,-37.80348578]}}
{"text":"Raaaarrrr  @ Melbourne Museum http:\/\/t.co\/DWVmoZtn","contributors":null,"geo":{"type":"Point","coordinates":[-37.80348578,144.97169673]},"retweeted":false,"in_reply_to_screen_name":null,"possibly_sensitive":false,"truncated":false,"entities":{"urls":[{"expanded_url":"http:\/\/instagr.am\/p\/JKCtyaIPPS\/","indices":[30,50],"display_url":"instagr.am\/p\/JKCtyaIPPS\/","url":"http:\/\/t.co\/DWVmoZtn"}],"hashtags":[],"user_mentions":[]},"in_reply_to_status_id_str":null,"id":188950755871440896,"in_reply_to_user_id_str":null,"source":"<a href=\"http:\/\/instagr.am\" rel=\"nofollow\">Instagram<\/a>","favorited":false,"in_reply_to_status_id":null,"created_at":"Sun Apr 08 11:25:45 +0000 2012","retweet_count":0,"in_reply_to_user_id":null,"possibly_sensitive_editable":true,"id_str":"188950755871440896","place":null,"user":{"location":"Melbourne, Australia","default_profile":true,"profile_background_tile":false,"statuses_count":4981,"lang":"en","profile_link_color":"0084B4","id":38837123,"following":null,"favourites_count":9,"protected":false,"profile_text_color":"333333","description":"Biochemist turned med student, aspiring polymath, nerd, gym junkie, occasional fangirl. Literature, history, Essendon. Living Bridget Jones moments every day.","contributors_enabled":false,"verified":false,"profile_sidebar_border_color":"C0DEED","name":"Christine Wade","profile_background_color":"C0DEED","created_at":"Sat May 09 11:17:31 +0000 2009","default_profile_image":false,"followers_count":95,"profile_image_url_https":"https:\/\/si0.twimg.com\/profile_images\/1921808001\/552033_10151416263790414_703055413_23557450_1779167681_n_normal.jpg","geo_enabled":true,"profile_background_image_url":"http:\/\/a0.twimg.com\/images\/themes\/theme1\/bg.png","profile_background_image_url_https":"https:\/\/si0.twimg.com\/images\/themes\/theme1\/bg.png","follow_request_sent":null,"url":"http:\/\/www.facebook.com\/xtina18","utc_offset":36000,"time_zone":"Melbourne","notifications":null,"friends_count":131,"profile_use_background_image":true,"profile_sidebar_fill_color":"DDEEF6","screen_name":"imaginaryvigil","id_str":"38837123","show_all_inline_media":true,"profile_image_url":"http:\/\/a0.twimg.com\/profile_images\/1921808001\/552033_10151416263790414_703055413_23557450_1779167681_n_normal.jpg","listed_count":0,"is_translator":false},"coordinates":{"type":"Point","coordinates":[144.97169673,-37.80348578]}}
{"text":"Spending the day with my family at melbourne museum (@ Melbourne Museum w\/ 2 others) [pic]: http:\/\/t.co\/2yn91wnv","contributors":null,"geo":{"type":"Point","coordinates":[-37.80348578,144.97169673]},"retweeted":false,"in_reply_to_screen_name":null,"possibly_sensitive":false,"truncated":false,"entities":{"urls":[{"expanded_url":"http:\/\/4sq.com\/HwIpqn","indices":[92,112],"display_url":"4sq.com\/HwIpqn","url":"http:\/\/t.co\/2yn91wnv"}],"hashtags":[],"user_mentions":[]},"in_reply_to_status_id_str":null,"id":188828303648493569,"in_reply_to_user_id_str":null,"source":"<a href=\"http:\/\/foursquare.com\" rel=\"nofollow\">foursquare<\/a>","favorited":false,"in_reply_to_status_id":null,"created_at":"Sun Apr 08 03:19:10 +0000 2012","retweet_count":0,"in_reply_to_user_id":null,"possibly_sensitive_editable":true,"id_str":"188828303648493569","place":null,"user":{"location":"Melbourne, Australia","default_profile":false,"profile_background_tile":true,"statuses_count":22206,"lang":"en","profile_link_color":"1ecc33","id":47945779,"following":null,"favourites_count":57,"protected":false,"profile_text_color":"022222","description":"Hoping to be the best for my parents | Study Commerce and Japanese Language @Swinburne | #Otaku | Mention for follow back :)","contributors_enabled":false,"verified":false,"profile_sidebar_border_color":"2ade16","name":"\u30b9\u30ef\u30ea \u30a6\u30a3\u30e9\u30c4\u30ce","profile_background_color":"f7ba05","created_at":"Wed Jun 17 12:36:44 +0000 2009","default_profile_image":false,"followers_count":311,"profile_image_url_https":"https:\/\/si0.twimg.com\/profile_images\/2049805113\/profile_normal.jpg","geo_enabled":true,"profile_background_image_url":"http:\/\/a0.twimg.com\/profile_background_images\/476243859\/Love-Rain-Poster2.jpg","profile_background_image_url_https":"https:\/\/si0.twimg.com\/profile_background_images\/476243859\/Love-Rain-Poster2.jpg","follow_request_sent":null,"url":"http:\/\/www.nikkihoruda.blogspot.com","utc_offset":-28800,"time_zone":"Pacific Time (US & Canada)","notifications":null,"friends_count":302,"profile_use_background_image":true,"profile_sidebar_fill_color":"4ff518","screen_name":"swariwiratno","id_str":"47945779","show_all_inline_media":false,"profile_image_url":"http:\/\/a0.twimg.com\/profile_images\/2049805113\/profile_normal.jpg","listed_count":3,"is_translator":false},"coordinates":{"type":"Point","coordinates":[144.97169673,-37.80348578]}}
{"text":"@ melbourne museum with family  http:\/\/t.co\/3Zh6iRpS","contributors":null,"geo":{"type":"Point","coordinates":[-37.8050304,144.9741044]},"retweeted":false,"in_reply_to_screen_name":null,"possibly_sensitive":false,"truncated":false,"entities":{"urls":[{"expanded_url":"http:\/\/lockerz.com\/s\/199508516","indices":[32,52],"display_url":"lockerz.com\/s\/199508516","url":"http:\/\/t.co\/3Zh6iRpS"}],"hashtags":[],"user_mentions":[]},"in_reply_to_status_id_str":null,"id":188850886058049536,"in_reply_to_user_id_str":null,"source":"<a href=\"http:\/\/www.tweetcaster.com\" rel=\"nofollow\">TweetCaster for Android<\/a>","favorited":false,"in_reply_to_status_id":null,"created_at":"Sun Apr 08 04:48:54 +0000 2012","retweet_count":0,"in_reply_to_user_id":null,"possibly_sensitive_editable":true,"id_str":"188850886058049536","place":null,"user":{"location":"Melbourne, Australia","default_profile":false,"profile_background_tile":true,"statuses_count":22207,"lang":"en","profile_link_color":"1ecc33","id":47945779,"following":null,"favourites_count":57,"protected":false,"profile_text_color":"022222","description":"Hoping to be the best for my parents | Study Commerce and Japanese Language @Swinburne | #Otaku | Mention for follow back :)","contributors_enabled":false,"verified":false,"profile_sidebar_border_color":"2ade16","name":"\u30b9\u30ef\u30ea \u30a6\u30a3\u30e9\u30c4\u30ce","profile_background_color":"f7ba05","created_at":"Wed Jun 17 12:36:44 +0000 2009","default_profile_image":false,"followers_count":311,"profile_image_url_https":"https:\/\/si0.twimg.com\/profile_images\/2049805113\/profile_normal.jpg","geo_enabled":true,"profile_background_image_url":"http:\/\/a0.twimg.com\/profile_background_images\/476243859\/Love-Rain-Poster2.jpg","profile_background_image_url_https":"https:\/\/si0.twimg.com\/profile_background_images\/476243859\/Love-Rain-Poster2.jpg","follow_request_sent":null,"url":"http:\/\/www.nikkihoruda.blogspot.com","utc_offset":-28800,"time_zone":"Pacific Time (US & Canada)","notifications":null,"friends_count":302,"profile_use_background_image":true,"profile_sidebar_fill_color":"4ff518","screen_name":"swariwiratno","id_str":"47945779","show_all_inline_media":false,"profile_image_url":"http:\/\/a0.twimg.com\/profile_images\/2049805113\/profile_normal.jpg","listed_count":3,"is_translator":false},"coordinates":{"type":"Point","coordinates":[144.9741044,-37.8050304]}}
{"text":"@TinkerbellFeast saw this @melbmuseum @QantasAirways and thought of you. Flying dinosaur aged fleet too? http:\/\/t.co\/Ym3e3naJ","contributors":null,"geo":{"type":"Point","coordinates":[-37.80179083,144.97842875]},"retweeted":false,"in_reply_to_screen_name":"TinkerbellFeast","possibly_sensitive":false,"truncated":false,"entities":{"urls":[],"hashtags":[],"media":[{"id":183411370392420352,"sizes":{"small":{"w":340,"h":453,"resize":"fit"},"thumb":{"w":150,"h":150,"resize":"crop"},"large":{"w":768,"h":1024,"resize":"fit"},"medium":{"w":600,"h":800,"resize":"fit"}},"media_url_https":"https:\/\/p.twimg.com\/Aoubq2wCAAAtT2r.jpg","media_url":"http:\/\/p.twimg.com\/Aoubq2wCAAAtT2r.jpg","expanded_url":"http:\/\/twitter.com\/SimplyJAR\/status\/183411370384031745\/photo\/1","indices":[105,125],"id_str":"183411370392420352","display_url":"pic.twitter.com\/Ym3e3naJ","type":"photo","url":"http:\/\/t.co\/Ym3e3naJ"}],"user_mentions":[{"id":275738947,"name":"Patricia Feast","indices":[0,16],"screen_name":"TinkerbellFeast","id_str":"275738947"},{"id":156783941,"name":"Melbourne Museum","indices":[26,37],"screen_name":"melbmuseum","id_str":"156783941"},{"id":218730857,"name":"Qantas Airways","indices":[38,52],"screen_name":"QantasAirways","id_str":"218730857"}]},"in_reply_to_status_id_str":null,"id":183411370384031745,"in_reply_to_user_id_str":"275738947","source":"<a href=\"http:\/\/twitter.com\/#!\/download\/iphone\" rel=\"nofollow\">Twitter for iPhone<\/a>","favorited":false,"in_reply_to_status_id":null,"created_at":"Sat Mar 24 04:34:13 +0000 2012","retweet_count":0,"in_reply_to_user_id":275738947,"possibly_sensitive_editable":true,"id_str":"183411370384031745","place":null,"user":{"location":"Melbourne, Australia \/ UK","default_profile":false,"statuses_count":2505,"profile_background_tile":false,"lang":"en","profile_link_color":"0084B4","id":274660834,"following":null,"favourites_count":63,"protected":false,"profile_text_color":"333333","verified":false,"contributors_enabled":false,"description":"Jetsetting Transmigrant, Legal Academic, Discourse Analyst, and avid flyer! British but Oz based. Etihad, Starbucks and Samsonite fan!","profile_sidebar_border_color":"a8c7f7","name":"SimplyJAR","profile_background_color":"022330","created_at":"Wed Mar 30 20:15:06 +0000 2011","default_profile_image":false,"followers_count":231,"geo_enabled":true,"profile_image_url_https":"https:\/\/si0.twimg.com\/profile_images\/1569481638\/image_normal.jpg","profile_background_image_url":"http:\/\/a0.twimg.com\/images\/themes\/theme15\/bg.png","profile_background_image_url_https":"https:\/\/si0.twimg.com\/images\/themes\/theme15\/bg.png","follow_request_sent":null,"url":null,"utc_offset":36000,"time_zone":"Melbourne","notifications":null,"profile_use_background_image":true,"friends_count":491,"profile_sidebar_fill_color":"C0DFEC","screen_name":"SimplyJAR","id_str":"274660834","show_all_inline_media":false,"profile_image_url":"http:\/\/a0.twimg.com\/profile_images\/1569481638\/image_normal.jpg","listed_count":8,"is_translator":false},"coordinates":{"type":"Point","coordinates":[144.97842875,-37.80179083]}}
{"text":"Currently @melbmuseum amazing displays and really worth a visit. Very impressed at live exhibits http:\/\/t.co\/PC7SJPi2","contributors":null,"geo":{"type":"Point","coordinates":[-37.80426988,144.97294687]},"retweeted":false,"in_reply_to_screen_name":null,"possibly_sensitive":false,"truncated":false,"entities":{"urls":[],"hashtags":[],"media":[{"id":183411393133936643,"sizes":{"small":{"w":340,"h":453,"resize":"fit"},"thumb":{"w":150,"h":150,"resize":"crop"},"large":{"w":768,"h":1024,"resize":"fit"},"medium":{"w":600,"h":800,"resize":"fit"}},"media_url_https":"https:\/\/p.twimg.com\/AoubsLeCAAMDL8S.jpg","media_url":"http:\/\/p.twimg.com\/AoubsLeCAAMDL8S.jpg","expanded_url":"http:\/\/twitter.com\/SimplyJAR\/status\/183411393129742336\/photo\/1","indices":[97,117],"id_str":"183411393133936643","display_url":"pic.twitter.com\/PC7SJPi2","type":"photo","url":"http:\/\/t.co\/PC7SJPi2"}],"user_mentions":[{"id":156783941,"name":"Melbourne Museum","indices":[10,21],"screen_name":"melbmuseum","id_str":"156783941"}]},"in_reply_to_status_id_str":null,"id":183411393129742336,"in_reply_to_user_id_str":null,"source":"<a href=\"http:\/\/twitter.com\/#!\/download\/iphone\" rel=\"nofollow\">Twitter for iPhone<\/a>","favorited":false,"in_reply_to_status_id":null,"created_at":"Sat Mar 24 04:34:19 +0000 2012","retweet_count":0,"in_reply_to_user_id":null,"possibly_sensitive_editable":true,"id_str":"183411393129742336","place":null,"user":{"location":"Melbourne, Australia \/ UK","default_profile":false,"statuses_count":2506,"profile_background_tile":false,"lang":"en","profile_link_color":"0084B4","id":274660834,"following":null,"favourites_count":63,"protected":false,"profile_text_color":"333333","verified":false,"contributors_enabled":false,"description":"Jetsetting Transmigrant, Legal Academic, Discourse Analyst, and avid flyer! British but Oz based. Etihad, Starbucks and Samsonite fan!","profile_sidebar_border_color":"a8c7f7","name":"SimplyJAR","profile_background_color":"022330","created_at":"Wed Mar 30 20:15:06 +0000 2011","default_profile_image":false,"followers_count":231,"geo_enabled":true,"profile_image_url_https":"https:\/\/si0.twimg.com\/profile_images\/1569481638\/image_normal.jpg","profile_background_image_url":"http:\/\/a0.twimg.com\/images\/themes\/theme15\/bg.png","profile_background_image_url_https":"https:\/\/si0.twimg.com\/images\/themes\/theme15\/bg.png","follow_request_sent":null,"url":null,"utc_offset":36000,"time_zone":"Melbourne","notifications":null,"profile_use_background_image":true,"friends_count":491,"profile_sidebar_fill_color":"C0DFEC","screen_name":"SimplyJAR","id_str":"274660834","show_all_inline_media":false,"profile_image_url":"http:\/\/a0.twimg.com\/profile_images\/1569481638\/image_normal.jpg","listed_count":8,"is_translator":false},"coordinates":{"type":"Point","coordinates":[144.97294687,-37.80426988]}}
{"text":"Next stop... Melbourne museum","contributors":null,"geo":{"type":"Point","coordinates":[-37.8103797,144.96315597]},"retweeted":false,"in_reply_to_screen_name":null,"truncated":false,"entities":{"urls":[],"hashtags":[],"user_mentions":[]},"in_reply_to_status_id_str":null,"id":184108204727345152,"in_reply_to_user_id_str":null,"source":"<a href=\"http:\/\/twitter.com\/#!\/download\/iphone\" rel=\"nofollow\">Twitter for iPhone<\/a>","favorited":false,"in_reply_to_status_id":null,"created_at":"Mon Mar 26 02:43:11 +0000 2012","retweet_count":0,"in_reply_to_user_id":null,"id_str":"184108204727345152","place":null,"user":{"location":"","default_profile":false,"statuses_count":34,"profile_background_tile":false,"lang":"en","profile_link_color":"93A644","id":497156757,"following":null,"favourites_count":1,"protected":false,"profile_text_color":"333333","verified":false,"contributors_enabled":false,"description":"","profile_sidebar_border_color":"eeeeee","name":"Chris Samonte","profile_background_color":"B2DFDA","created_at":"Sun Feb 19 17:45:31 +0000 2012","default_profile_image":false,"followers_count":7,"geo_enabled":true,"profile_image_url_https":"https:\/\/si0.twimg.com\/profile_images\/1838833895\/image_normal.jpg","profile_background_image_url":"http:\/\/a0.twimg.com\/images\/themes\/theme13\/bg.gif","profile_background_image_url_https":"https:\/\/si0.twimg.com\/images\/themes\/theme13\/bg.gif","follow_request_sent":null,"url":null,"utc_offset":-18000,"time_zone":"Eastern Time (US & Canada)","notifications":null,"profile_use_background_image":true,"friends_count":10,"profile_sidebar_fill_color":"ffffff","screen_name":"chrismatsamont","id_str":"497156757","show_all_inline_media":false,"profile_image_url":"http:\/\/a0.twimg.com\/profile_images\/1838833895\/image_normal.jpg","listed_count":0,"is_translator":false},"coordinates":{"type":"Point","coordinates":[144.96315597,-37.8103797]}}
{"text":"I'm at Melbourne Museum (11 Nicholson St, Carlton) http:\/\/t.co\/RHb1w4mG","contributors":null,"geo":{"type":"Point","coordinates":[-37.80348578,144.97169673]},"retweeted":false,"in_reply_to_screen_name":null,"possibly_sensitive":false,"truncated":false,"entities":{"urls":[{"expanded_url":"http:\/\/4sq.com\/A6tZXi","indices":[51,71],"display_url":"4sq.com\/A6tZXi","url":"http:\/\/t.co\/RHb1w4mG"}],"hashtags":[],"user_mentions":[]},"in_reply_to_status_id_str":null,"id":177209833911615490,"in_reply_to_user_id_str":null,"source":"<a href=\"http:\/\/foursquare.com\" rel=\"nofollow\">foursquare<\/a>","favorited":false,"in_reply_to_status_id":null,"retweet_count":0,"created_at":"Wed Mar 07 01:51:31 +0000 2012","in_reply_to_user_id":null,"possibly_sensitive_editable":true,"id_str":"177209833911615490","place":null,"user":{"location":"Melbourne","default_profile":false,"profile_background_tile":true,"statuses_count":698,"lang":"en","profile_link_color":"0084B4","id":15560989,"following":null,"favourites_count":4,"protected":false,"profile_text_color":"333333","verified":false,"description":"I like to make things","contributors_enabled":false,"name":"obscene_pickle","profile_sidebar_border_color":"C0DEED","profile_background_color":"C0DEED","created_at":"Wed Jul 23 12:44:22 +0000 2008","default_profile_image":false,"followers_count":98,"profile_image_url_https":"https:\/\/si0.twimg.com\/profile_images\/457518825\/leen2_normal.jpg","geo_enabled":true,"profile_background_image_url":"http:\/\/a0.twimg.com\/profile_background_images\/46951052\/3665947203_dc8537ee12_o.gif","profile_background_image_url_https":"https:\/\/si0.twimg.com\/profile_background_images\/46951052\/3665947203_dc8537ee12_o.gif","follow_request_sent":null,"url":"http:\/\/obscenepickle.blogspot.com\/","utc_offset":36000,"time_zone":"Melbourne","notifications":null,"profile_use_background_image":true,"friends_count":322,"profile_sidebar_fill_color":"DDEEF6","screen_name":"obscene_pickle","id_str":"15560989","profile_image_url":"http:\/\/a0.twimg.com\/profile_images\/457518825\/leen2_normal.jpg","show_all_inline_media":false,"is_translator":false,"listed_count":2},"coordinates":{"type":"Point","coordinates":[144.97169673,-37.80348578]}}
{"contributors":null,"text":"What a modern place! (@ Melbourne Museum w\/ 3 others) [pic]: http:\/\/t.co\/zMsYDyyz","geo":{"type":"Point","coordinates":[-37.80348578,144.97169673]},"retweeted":false,"in_reply_to_screen_name":null,"possibly_sensitive":false,"truncated":false,"entities":{"urls":[{"expanded_url":"http:\/\/4sq.com\/wNFU3T","indices":[61,81],"display_url":"4sq.com\/wNFU3T","url":"http:\/\/t.co\/zMsYDyyz"}],"hashtags":[],"user_mentions":[]},"in_reply_to_status_id_str":null,"id":178327458934829056,"in_reply_to_user_id_str":null,"source":"<a href=\"http:\/\/foursquare.com\" rel=\"nofollow\">foursquare<\/a>","favorited":false,"in_reply_to_status_id":null,"retweet_count":0,"created_at":"Sat Mar 10 03:52:34 +0000 2012","in_reply_to_user_id":null,"possibly_sensitive_editable":true,"id_str":"178327458934829056","place":null,"user":{"location":"St. Kilda, Victoria, Australia","default_profile":false,"profile_background_tile":false,"statuses_count":6484,"lang":"en","profile_link_color":"0000ff","id":6432582,"following":null,"protected":false,"favourites_count":8,"profile_text_color":"000000","contributors_enabled":false,"verified":false,"description":"Eternal student of life. Awesome Calgary Trustee. Social media junkee. Culture hound.","profile_sidebar_border_color":"87bc44","name":"Janet Clarke Bell","profile_background_color":"9ae4e8","created_at":"Wed May 30 04:29:19 +0000 2007","default_profile_image":false,"followers_count":936,"geo_enabled":true,"profile_image_url_https":"https:\/\/si0.twimg.com\/profile_images\/1637093131\/JanetatMt.RanierIMG_0530_normal.jpg","profile_background_image_url":"http:\/\/a0.twimg.com\/images\/themes\/theme1\/bg.png","profile_background_image_url_https":"https:\/\/si0.twimg.com\/images\/themes\/theme1\/bg.png","follow_request_sent":null,"url":null,"utc_offset":-25200,"time_zone":"Mountain Time (US & Canada)","notifications":null,"friends_count":655,"profile_use_background_image":true,"profile_sidebar_fill_color":"e0ff92","screen_name":"jclarkebell","id_str":"6432582","show_all_inline_media":true,"profile_image_url":"http:\/\/a0.twimg.com\/profile_images\/1637093131\/JanetatMt.RanierIMG_0530_normal.jpg","is_translator":false,"listed_count":41},"coordinates":{"type":"Point","coordinates":[144.97169673,-37.80348578]}}
{"text":"@brittany_currie haha it's really nice and warm here! Everyone is so nice and the melbourne museum is awesome! :P","contributors":null,"geo":{"type":"Point","coordinates":[-37.81745872,144.96957703]},"retweeted":false,"in_reply_to_screen_name":"brittany_currie","truncated":false,"entities":{"urls":[],"hashtags":[],"user_mentions":[{"id":252419940,"name":"Brittany Currie","indices":[0,16],"screen_name":"brittany_currie","id_str":"252419940"}]},"in_reply_to_status_id_str":"178315104872439809","id":178334931875930112,"in_reply_to_user_id_str":"252419940","source":"<a href=\"http:\/\/twitter.com\/#!\/download\/iphone\" rel=\"nofollow\">Twitter for iPhone<\/a>","favorited":false,"in_reply_to_status_id":178315104872439809,"retweet_count":0,"created_at":"Sat Mar 10 04:22:15 +0000 2012","in_reply_to_user_id":252419940,"id_str":"178334931875930112","place":null,"user":{"location":null,"default_profile":true,"profile_background_tile":false,"statuses_count":18,"lang":"en","profile_link_color":"0084B4","id":190512714,"following":null,"protected":false,"favourites_count":0,"profile_text_color":"333333","contributors_enabled":false,"verified":false,"description":null,"profile_sidebar_border_color":"C0DEED","name":"Kelvin Hau","profile_background_color":"C0DEED","created_at":"Tue Sep 14 03:40:06 +0000 2010","default_profile_image":false,"followers_count":13,"geo_enabled":true,"profile_image_url_https":"https:\/\/si0.twimg.com\/profile_images\/1814060880\/image_normal.jpg","profile_background_image_url":"http:\/\/a0.twimg.com\/images\/themes\/theme1\/bg.png","profile_background_image_url_https":"https:\/\/si0.twimg.com\/images\/themes\/theme1\/bg.png","follow_request_sent":null,"url":null,"utc_offset":null,"time_zone":null,"notifications":null,"friends_count":88,"profile_use_background_image":true,"profile_sidebar_fill_color":"DDEEF6","screen_name":"ehsapwn","id_str":"190512714","show_all_inline_media":false,"profile_image_url":"http:\/\/a2.twimg.com\/profile_images\/1814060880\/image_normal.jpg","is_translator":false,"listed_count":0},"coordinates":{"type":"Point","coordinates":[144.96957703,-37.81745872]}}
{"text":"Melbourne Aquarium: underwhelming, vastly overpriced. Melbourne Museum is a much better place to spend your time and money.","contributors":null,"geo":{"type":"Point","coordinates":[-37.81602829,144.97593526]},"retweeted":false,"in_reply_to_screen_name":null,"truncated":false,"entities":{"urls":[],"hashtags":[],"user_mentions":[]},"in_reply_to_status_id_str":null,"id":185623248732565504,"in_reply_to_user_id_str":null,"source":"<a href=\"http:\/\/tapbots.com\/tweetbot\" rel=\"nofollow\">Tweetbot for iOS<\/a>","favorited":false,"in_reply_to_status_id":null,"in_reply_to_user_id":null,"retweet_count":0,"created_at":"Fri Mar 30 07:03:25 +0000 2012","id_str":"185623248732565504","place":null,"user":{"location":"Portland, OR","default_profile":false,"statuses_count":6764,"profile_background_tile":false,"lang":"en","profile_link_color":"003EB9","id":11639232,"following":null,"favourites_count":377,"protected":false,"profile_text_color":"333333","contributors_enabled":false,"description":"YUI engineer at Yahoo!. Lover of movies. Eater of pie. Connoisseur of awesome.","verified":false,"name":"Ryan Grove","profile_sidebar_border_color":"ccddff","profile_background_color":"f7f7f7","created_at":"Sat Dec 29 19:51:47 +0000 2007","default_profile_image":false,"followers_count":1430,"profile_image_url_https":"https:\/\/si0.twimg.com\/profile_images\/1210402115\/ryan-sketch-color_normal.png","geo_enabled":true,"profile_background_image_url":"http:\/\/a0.twimg.com\/images\/themes\/theme1\/bg.png","profile_background_image_url_https":"https:\/\/si0.twimg.com\/images\/themes\/theme1\/bg.png","follow_request_sent":null,"url":"http:\/\/wonko.com\/","utc_offset":-28800,"time_zone":"Pacific Time (US & Canada)","notifications":null,"profile_use_background_image":false,"friends_count":270,"profile_sidebar_fill_color":"e5ecff","screen_name":"yaypie","id_str":"11639232","profile_image_url":"http:\/\/a0.twimg.com\/profile_images\/1210402115\/ryan-sketch-color_normal.png","show_all_inline_media":true,"is_translator":false,"listed_count":156},"coordinates":{"type":"Point","coordinates":[144.97593526,-37.81602829]}}
{"text":"Group decision - we're giving it a miss today. Happy to use the facilities though. (@ Melbourne Museum) http:\/\/t.co\/kBKquDHW","contributors":null,"geo":{"type":"Point","coordinates":[-37.80348578,144.97169673]},"retweeted":false,"in_reply_to_screen_name":null,"possibly_sensitive":false,"truncated":false,"entities":{"urls":[{"expanded_url":"http:\/\/4sq.com\/GDZtcl","indices":[104,124],"display_url":"4sq.com\/GDZtcl","url":"http:\/\/t.co\/kBKquDHW"}],"hashtags":[],"user_mentions":[]},"in_reply_to_status_id_str":null,"id":182615506170294273,"in_reply_to_user_id_str":null,"source":"<a href=\"http:\/\/foursquare.com\" rel=\"nofollow\">foursquare<\/a>","favorited":false,"in_reply_to_status_id":null,"retweet_count":0,"created_at":"Wed Mar 21 23:51:44 +0000 2012","in_reply_to_user_id":null,"possibly_sensitive_editable":true,"id_str":"182615506170294273","place":null,"user":{"location":"Sydney, Australia","default_profile":false,"profile_background_tile":true,"statuses_count":23487,"lang":"en","profile_link_color":"0084B4","id":14556874,"following":null,"favourites_count":3,"protected":false,"profile_text_color":"333333","contributors_enabled":false,"verified":false,"description":"Marketing. Music. Sport. Travel. Also have a running blog: http:\/\/thetonetrains.com.","name":"Tony","profile_sidebar_border_color":"C0DEED","profile_background_color":"C0DEED","created_at":"Sun Apr 27 10:09:13 +0000 2008","default_profile_image":false,"followers_count":1259,"geo_enabled":true,"profile_image_url_https":"https:\/\/si0.twimg.com\/profile_images\/1175112271\/me_normal.gif","profile_background_image_url":"http:\/\/a0.twimg.com\/profile_background_images\/173957036\/moenjodaro.jpg","profile_background_image_url_https":"https:\/\/si0.twimg.com\/profile_background_images\/173957036\/moenjodaro.jpg","follow_request_sent":null,"url":"http:\/\/itsgoodos.com","utc_offset":36000,"time_zone":"Sydney","notifications":null,"profile_use_background_image":true,"friends_count":948,"profile_sidebar_fill_color":"DDEEF6","screen_name":"thetone","id_str":"14556874","show_all_inline_media":false,"profile_image_url":"http:\/\/a0.twimg.com\/profile_images\/1175112271\/me_normal.gif","is_translator":false,"listed_count":56},"coordinates":{"type":"Point","coordinates":[144.97169673,-37.80348578]}}
{"text":"#butterflies #museum #colors #spring #color #pretty  @ Melbourne Museum http:\/\/t.co\/lmmF8NlR","contributors":null,"geo":{"type":"Point","coordinates":[-37.80348578,144.97169673]},"retweeted":false,"in_reply_to_screen_name":null,"possibly_sensitive":false,"truncated":false,"entities":{"urls":[{"expanded_url":"http:\/\/instagr.am\/p\/IrArzwieDX\/","indices":[72,92],"display_url":"instagr.am\/p\/IrArzwieDX\/","url":"http:\/\/t.co\/lmmF8NlR"}],"hashtags":[{"text":"butterflies","indices":[0,12]},{"text":"museum","indices":[13,20]},{"text":"colors","indices":[21,28]},{"text":"spring","indices":[29,36]},{"text":"color","indices":[37,43]},{"text":"pretty","indices":[44,51]}],"user_mentions":[]},"in_reply_to_status_id_str":null,"id":184584244767633408,"in_reply_to_user_id_str":null,"source":"<a href=\"http:\/\/instagr.am\" rel=\"nofollow\">Instagram<\/a>","favorited":false,"in_reply_to_status_id":null,"retweet_count":0,"in_reply_to_user_id":null,"created_at":"Tue Mar 27 10:14:48 +0000 2012","possibly_sensitive_editable":true,"id_str":"184584244767633408","place":null,"user":{"location":"jeddah","default_profile":false,"statuses_count":1153,"profile_background_tile":false,"lang":"en","profile_link_color":"0084B4","id":85088958,"following":null,"favourites_count":130,"protected":false,"profile_text_color":"333333","description":"Gentleman,Who believes in himself,Unique,Positive,Flexible,Plain,Open Mind,as much funny as much serious,A VIRGO..interested in neither football nor cars#IT#MKT","verified":false,"contributors_enabled":false,"name":"Hattan vimto","profile_sidebar_border_color":"C0DEED","profile_background_color":"C0DEED","created_at":"Sun Oct 25 14:19:16 +0000 2009","default_profile_image":false,"followers_count":94,"geo_enabled":true,"profile_image_url_https":"https:\/\/si0.twimg.com\/profile_images\/1900640435\/Screen_shot_2012-03-16_at_11.52.24_AM_normal.jpg","profile_background_image_url":"http:\/\/a0.twimg.com\/profile_background_images\/328927083\/201005112398.jpg","profile_background_image_url_https":"https:\/\/si0.twimg.com\/profile_background_images\/328927083\/201005112398.jpg","follow_request_sent":null,"url":"http:\/\/www.facebook.com\/hattan.vimto","utc_offset":10800,"time_zone":"Riyadh","notifications":null,"friends_count":91,"profile_use_background_image":true,"profile_sidebar_fill_color":"DDEEF6","screen_name":"toOowWwt","id_str":"85088958","profile_image_url":"http:\/\/a0.twimg.com\/profile_images\/1900640435\/Screen_shot_2012-03-16_at_11.52.24_AM_normal.jpg","show_all_inline_media":true,"listed_count":0,"is_translator":false},"coordinates":{"type":"Point","coordinates":[144.97169673,-37.80348578]}}
{"text":"I'm at IMAX Melbourne (Melbourne Museum, Carlton Gardens, Rathdowne St., Carlton) http:\/\/t.co\/yoReq28y","contributors":null,"geo":{"type":"Point","coordinates":[-37.8038842,144.97160554]},"retweeted":false,"in_reply_to_screen_name":null,"possibly_sensitive":false,"truncated":false,"entities":{"urls":[{"expanded_url":"http:\/\/4sq.com\/Ab7H7o","indices":[82,102],"display_url":"4sq.com\/Ab7H7o","url":"http:\/\/t.co\/yoReq28y"}],"hashtags":[],"user_mentions":[]},"in_reply_to_status_id_str":null,"id":176891711690260482,"in_reply_to_user_id_str":null,"source":"<a href=\"http:\/\/foursquare.com\" rel=\"nofollow\">foursquare<\/a>","favorited":false,"in_reply_to_status_id":null,"in_reply_to_user_id":null,"retweet_count":0,"created_at":"Tue Mar 06 04:47:25 +0000 2012","possibly_sensitive_editable":true,"id_str":"176891711690260482","place":null,"user":{"location":"McLaren Vale","default_profile":false,"statuses_count":2694,"profile_background_tile":true,"lang":"en","profile_link_color":"FF0000","id":23174619,"following":null,"favourites_count":1,"protected":false,"profile_text_color":"3D1957","contributors_enabled":false,"description":"I love all there is about wine","verified":false,"name":"Shane Barker","profile_sidebar_border_color":"65B0DA","profile_background_color":"642D8B","created_at":"Sat Mar 07 07:14:42 +0000 2009","default_profile_image":false,"followers_count":3556,"profile_image_url_https":"https:\/\/si0.twimg.com\/profile_images\/247953491\/Lonely_Grape_square_copy_normal.jpg","geo_enabled":true,"profile_background_image_url":"http:\/\/a0.twimg.com\/profile_background_images\/49577373\/Taste_McLaren_Vale_Banner_Photo_copy_1.jpg","profile_background_image_url_https":"https:\/\/si0.twimg.com\/profile_background_images\/49577373\/Taste_McLaren_Vale_Banner_Photo_copy_1.jpg","follow_request_sent":null,"url":"http:\/\/lonelygrape.com.au","utc_offset":34200,"time_zone":"Adelaide","notifications":null,"friends_count":3827,"profile_use_background_image":true,"profile_sidebar_fill_color":"7AC3EE","screen_name":"LonelyGrape","id_str":"23174619","profile_image_url":"http:\/\/a0.twimg.com\/profile_images\/247953491\/Lonely_Grape_square_copy_normal.jpg","show_all_inline_media":false,"is_translator":false,"listed_count":207},"coordinates":{"type":"Point","coordinates":[144.97160554,-37.8038842]}}
{"text":"Look at the pretty flutters!   @ Melbourne Museum http:\/\/t.co\/AQu3deP5","contributors":null,"geo":{"type":"Point","coordinates":[-37.80348578,144.97169673]},"retweeted":false,"in_reply_to_screen_name":null,"possibly_sensitive":false,"truncated":false,"entities":{"urls":[{"expanded_url":"http:\/\/instagr.am\/p\/IgVTNXKnsT\/","indices":[50,70],"display_url":"instagr.am\/p\/IgVTNXKnsT\/","url":"http:\/\/t.co\/AQu3deP5"}],"hashtags":[],"user_mentions":[]},"in_reply_to_status_id_str":null,"id":183081076548317184,"in_reply_to_user_id_str":null,"source":"<a href=\"http:\/\/instagr.am\" rel=\"nofollow\">Instagram<\/a>","favorited":false,"in_reply_to_status_id":null,"created_at":"Fri Mar 23 06:41:44 +0000 2012","retweet_count":0,"in_reply_to_user_id":null,"possibly_sensitive_editable":true,"id_str":"183081076548317184","place":null,"user":{"location":"SoCal Baby~ San Diego!","default_profile":false,"profile_background_tile":true,"statuses_count":18757,"lang":"en","profile_link_color":"1F98C7","id":28942713,"following":null,"favourites_count":97,"protected":false,"profile_text_color":"663B12","verified":false,"description":"Owner of Swann Soir\u00e9es~ Boutique #Wedding & Social Event Planning firm focused on Encouraging & Inspiring ideas that fashion UH-mazing celebrations! ","contributors_enabled":false,"name":"Brenda D. Swann","profile_sidebar_border_color":"C6E2EE","profile_background_color":"C6E2EE","created_at":"Sun Apr 05 04:48:09 +0000 2009","default_profile_image":false,"followers_count":1458,"profile_image_url_https":"https:\/\/si0.twimg.com\/profile_images\/1533187714\/SheWandersPhotography_normal.jpg","geo_enabled":true,"profile_background_image_url":"http:\/\/a0.twimg.com\/profile_background_images\/110156582\/ss160x160.gif","profile_background_image_url_https":"https:\/\/si0.twimg.com\/profile_background_images\/110156582\/ss160x160.gif","follow_request_sent":null,"url":"http:\/\/www.swannsoirees.com","utc_offset":-28800,"time_zone":"Pacific Time (US & Canada)","notifications":null,"profile_use_background_image":true,"friends_count":686,"profile_sidebar_fill_color":"DAECF4","screen_name":"SwannSoirees","id_str":"28942713","show_all_inline_media":false,"profile_image_url":"http:\/\/a0.twimg.com\/profile_images\/1533187714\/SheWandersPhotography_normal.jpg","is_translator":false,"listed_count":89},"coordinates":{"type":"Point","coordinates":[144.97169673,-37.80348578]}}
{"text":"I'm at Melbourne Museum (Carlton, VIC) http:\/\/t.co\/Mw3uS3WR","contributors":null,"geo":{"type":"Point","coordinates":[-37.80348578,144.97169673]},"retweeted":false,"in_reply_to_screen_name":null,"possibly_sensitive":false,"truncated":false,"entities":{"urls":[{"expanded_url":"http:\/\/4sq.com\/GYI270","indices":[39,59],"display_url":"4sq.com\/GYI270","url":"http:\/\/t.co\/Mw3uS3WR"}],"hashtags":[],"user_mentions":[]},"in_reply_to_status_id_str":null,"id":183707407145373696,"in_reply_to_user_id_str":null,"source":"<a href=\"http:\/\/foursquare.com\" rel=\"nofollow\">foursquare<\/a>","favorited":false,"in_reply_to_status_id":null,"created_at":"Sun Mar 25 00:10:33 +0000 2012","retweet_count":0,"in_reply_to_user_id":null,"possibly_sensitive_editable":true,"id_str":"183707407145373696","place":null,"user":{"location":"iPhone: 51.484820,-0.608979","default_profile":false,"statuses_count":912,"profile_background_tile":true,"lang":"en","profile_link_color":"100e0e","id":19482017,"following":null,"favourites_count":10,"protected":false,"profile_text_color":"0e2ee8","verified":false,"contributors_enabled":false,"description":"Itinerant Classics scholar. Knows Strine?!?!  Can belt out Advance Australia Fair.........","profile_sidebar_border_color":"f01616","name":"Howard Moore","profile_background_color":"cf0b0b","created_at":"Sun Jan 25 08:34:55 +0000 2009","default_profile_image":false,"followers_count":959,"geo_enabled":true,"profile_image_url_https":"https:\/\/si0.twimg.com\/profile_images\/73067857\/Picture_14_normal.jpg","profile_background_image_url":"http:\/\/a0.twimg.com\/images\/themes\/theme10\/bg.gif","profile_background_image_url_https":"https:\/\/si0.twimg.com\/images\/themes\/theme10\/bg.gif","follow_request_sent":null,"url":"http:\/\/classicsmanincyberspace.blogspot.com\/","utc_offset":0,"time_zone":"London","notifications":null,"profile_use_background_image":true,"friends_count":2001,"profile_sidebar_fill_color":"ffa50a","screen_name":"HowardMoore","id_str":"19482017","show_all_inline_media":false,"profile_image_url":"http:\/\/a0.twimg.com\/profile_images\/73067857\/Picture_14_normal.jpg","listed_count":1,"is_translator":false},"coordinates":{"type":"Point","coordinates":[144.97169673,-37.80348578]}}
{"text":"TNR _\/- (at @melbournemuseum) [pic] \u2014 http:\/\/t.co\/5wKsXTUE","contributors":null,"geo":{"type":"Point","coordinates":[-37.80348578,144.97169673]},"retweeted":false,"in_reply_to_screen_name":null,"possibly_sensitive":false,"truncated":false,"entities":{"urls":[{"expanded_url":"http:\/\/path.com\/p\/3Tmbgs","indices":[38,58],"display_url":"path.com\/p\/3Tmbgs","url":"http:\/\/t.co\/5wKsXTUE"}],"hashtags":[],"user_mentions":[{"id":54819183,"name":"Melbourne Museum","indices":[12,28],"screen_name":"melbournemuseum","id_str":"54819183"}]},"in_reply_to_status_id_str":null,"id":182749490430746624,"in_reply_to_user_id_str":null,"source":"<a href=\"http:\/\/path.com\/\" rel=\"nofollow\">Path 2.0<\/a>","favorited":false,"in_reply_to_status_id":null,"retweet_count":0,"created_at":"Thu Mar 22 08:44:08 +0000 2012","in_reply_to_user_id":null,"possibly_sensitive_editable":true,"id_str":"182749490430746624","place":null,"user":{"location":"Melburn","default_profile":false,"profile_background_tile":true,"statuses_count":5584,"lang":"en","profile_link_color":"2FC2EF","id":45812845,"following":null,"favourites_count":83,"protected":false,"profile_text_color":"666666","contributors_enabled":false,"verified":false,"description":"I am the wizard; I will change it all.","name":"Dillan Boerhanoedin","profile_sidebar_border_color":"181A1E","profile_background_color":"1A1B1F","created_at":"Tue Jun 09 10:59:00 +0000 2009","default_profile_image":false,"followers_count":742,"geo_enabled":true,"profile_image_url_https":"https:\/\/si0.twimg.com\/profile_images\/1819120274\/image_normal.jpg","profile_background_image_url":"http:\/\/a0.twimg.com\/profile_background_images\/353235363\/cage_cast.jpg","profile_background_image_url_https":"https:\/\/si0.twimg.com\/profile_background_images\/353235363\/cage_cast.jpg","follow_request_sent":null,"url":"http:\/\/souncloud.com\/dillanstarr","utc_offset":36000,"time_zone":"Melbourne","notifications":null,"profile_use_background_image":true,"friends_count":1115,"profile_sidebar_fill_color":"252429","screen_name":"dillanstarr","id_str":"45812845","show_all_inline_media":false,"profile_image_url":"http:\/\/a0.twimg.com\/profile_images\/1819120274\/image_normal.jpg","is_translator":false,"listed_count":6},"coordinates":{"type":"Point","coordinates":[144.97169673,-37.80348578]}}
{"text":"Overrun...eek! #smartbar last week @museumvictoria c\/- @visitmelbourne  @ Melbourne Museum http:\/\/t.co\/l07MjJNR","contributors":null,"geo":{"type":"Point","coordinates":[-37.80348578,144.97169673]},"retweeted":false,"in_reply_to_screen_name":null,"possibly_sensitive":false,"truncated":false,"entities":{"urls":[{"expanded_url":"http:\/\/instagr.am\/p\/H6RvBnzhY2\/","indices":[91,111],"display_url":"instagr.am\/p\/H6RvBnzhY2\/","url":"http:\/\/t.co\/l07MjJNR"}],"hashtags":[{"text":"smartbar","indices":[15,24]}],"user_mentions":[{"id":54811393,"name":"Museum Victoria","indices":[35,50],"screen_name":"museumvictoria","id_str":"54811393"},{"id":47556919,"name":"Melbourne CVB","indices":[55,70],"screen_name":"VisitMelbourne","id_str":"47556919"}]},"in_reply_to_status_id_str":null,"id":177725329874497536,"in_reply_to_user_id_str":null,"source":"<a href=\"http:\/\/instagr.am\" rel=\"nofollow\">Instagram<\/a>","favorited":false,"in_reply_to_status_id":null,"retweet_count":0,"created_at":"Thu Mar 08 11:59:55 +0000 2012","in_reply_to_user_id":null,"possibly_sensitive_editable":true,"id_str":"177725329874497536","place":null,"user":{"location":"Melbourne","default_profile":true,"statuses_count":3435,"profile_background_tile":false,"lang":"en","profile_link_color":"0084B4","id":319039545,"following":null,"protected":false,"favourites_count":369,"profile_text_color":"333333","contributors_enabled":false,"description":"Political Intrigue. Pinot Noir. True Crime. Digital Nirvana. Real Food. Feet on Ground. Head in Clouds. Views are own.","verified":false,"name":"Adam Fletcher","profile_sidebar_border_color":"C0DEED","profile_background_color":"C0DEED","created_at":"Fri Jun 17 13:26:54 +0000 2011","default_profile_image":false,"followers_count":335,"geo_enabled":true,"profile_image_url_https":"https:\/\/si0.twimg.com\/profile_images\/1401916707\/adam-facebook-2011-06-06_v3_normal.jpg","profile_background_image_url":"http:\/\/a0.twimg.com\/images\/themes\/theme1\/bg.png","profile_background_image_url_https":"https:\/\/si0.twimg.com\/images\/themes\/theme1\/bg.png","follow_request_sent":null,"url":"http:\/\/twitter.com\/fletchadam","utc_offset":36000,"time_zone":"Melbourne","notifications":null,"profile_use_background_image":true,"friends_count":881,"profile_sidebar_fill_color":"DDEEF6","screen_name":"fletchadam","id_str":"319039545","show_all_inline_media":true,"profile_image_url":"http:\/\/a0.twimg.com\/profile_images\/1401916707\/adam-facebook-2011-06-06_v3_normal.jpg","is_translator":false,"listed_count":2},"coordinates":{"type":"Point","coordinates":[144.97169673,-37.80348578]}}
{"text":"Wine and the march of time #smartbar last week @museumvictoria c\/- @visitmelbourne  @ Melbourne Museum http:\/\/t.co\/OoxKjGLq","contributors":null,"geo":{"type":"Point","coordinates":[-37.80348578,144.97169673]},"retweeted":false,"in_reply_to_screen_name":null,"possibly_sensitive":false,"truncated":false,"entities":{"urls":[{"expanded_url":"http:\/\/instagr.am\/p\/H6UO4rThZP\/","indices":[103,123],"display_url":"instagr.am\/p\/H6UO4rThZP\/","url":"http:\/\/t.co\/OoxKjGLq"}],"hashtags":[{"text":"smartbar","indices":[27,36]}],"user_mentions":[{"id":54811393,"name":"Museum Victoria","indices":[47,62],"screen_name":"museumvictoria","id_str":"54811393"},{"id":47556919,"name":"Melbourne CVB","indices":[67,82],"screen_name":"VisitMelbourne","id_str":"47556919"}]},"in_reply_to_status_id_str":null,"id":177730619852324864,"in_reply_to_user_id_str":null,"source":"<a href=\"http:\/\/instagr.am\" rel=\"nofollow\">Instagram<\/a>","favorited":false,"in_reply_to_status_id":null,"retweet_count":0,"created_at":"Thu Mar 08 12:20:56 +0000 2012","in_reply_to_user_id":null,"possibly_sensitive_editable":true,"id_str":"177730619852324864","place":null,"user":{"location":"Melbourne","default_profile":true,"statuses_count":3438,"profile_background_tile":false,"lang":"en","profile_link_color":"0084B4","id":319039545,"following":null,"protected":false,"favourites_count":369,"profile_text_color":"333333","contributors_enabled":false,"description":"Political Intrigue. Pinot Noir. True Crime. Digital Nirvana. Real Food. Feet on Ground. Head in Clouds. Views are own.","verified":false,"name":"Adam Fletcher","profile_sidebar_border_color":"C0DEED","profile_background_color":"C0DEED","created_at":"Fri Jun 17 13:26:54 +0000 2011","default_profile_image":false,"followers_count":335,"geo_enabled":true,"profile_image_url_https":"https:\/\/si0.twimg.com\/profile_images\/1401916707\/adam-facebook-2011-06-06_v3_normal.jpg","profile_background_image_url":"http:\/\/a0.twimg.com\/images\/themes\/theme1\/bg.png","profile_background_image_url_https":"https:\/\/si0.twimg.com\/images\/themes\/theme1\/bg.png","follow_request_sent":null,"url":"http:\/\/twitter.com\/fletchadam","utc_offset":36000,"time_zone":"Melbourne","notifications":null,"profile_use_background_image":true,"friends_count":881,"profile_sidebar_fill_color":"DDEEF6","screen_name":"fletchadam","id_str":"319039545","show_all_inline_media":true,"profile_image_url":"http:\/\/a0.twimg.com\/profile_images\/1401916707\/adam-facebook-2011-06-06_v3_normal.jpg","is_translator":false,"listed_count":2},"coordinates":{"type":"Point","coordinates":[144.97169673,-37.80348578]}}
{"text":"Taxidermy on a grand scale #smartbar last week @museumvictoria c\/- @visitmelbourne   @ Melbourne Museum http:\/\/t.co\/FQ8y9OEz","contributors":null,"geo":{"type":"Point","coordinates":[-37.80348578,144.97169673]},"retweeted":false,"in_reply_to_screen_name":null,"possibly_sensitive":false,"truncated":false,"entities":{"urls":[{"expanded_url":"http:\/\/instagr.am\/p\/H6VLtmThZS\/","indices":[104,124],"display_url":"instagr.am\/p\/H6VLtmThZS\/","url":"http:\/\/t.co\/FQ8y9OEz"}],"hashtags":[{"text":"smartbar","indices":[27,36]}],"user_mentions":[{"id":54811393,"name":"Museum Victoria","indices":[47,62],"screen_name":"museumvictoria","id_str":"54811393"},{"id":47556919,"name":"Melbourne CVB","indices":[67,82],"screen_name":"VisitMelbourne","id_str":"47556919"}]},"in_reply_to_status_id_str":null,"id":177732579817037825,"in_reply_to_user_id_str":null,"source":"<a href=\"http:\/\/instagr.am\" rel=\"nofollow\">Instagram<\/a>","favorited":false,"in_reply_to_status_id":null,"retweet_count":0,"created_at":"Thu Mar 08 12:28:43 +0000 2012","in_reply_to_user_id":null,"possibly_sensitive_editable":true,"id_str":"177732579817037825","place":null,"user":{"location":"Melbourne","default_profile":true,"statuses_count":3439,"profile_background_tile":false,"lang":"en","profile_link_color":"0084B4","id":319039545,"following":null,"protected":false,"favourites_count":369,"profile_text_color":"333333","contributors_enabled":false,"description":"Political Intrigue. Pinot Noir. True Crime. Digital Nirvana. Real Food. Feet on Ground. Head in Clouds. Views are own.","verified":false,"name":"Adam Fletcher","profile_sidebar_border_color":"C0DEED","profile_background_color":"C0DEED","created_at":"Fri Jun 17 13:26:54 +0000 2011","default_profile_image":false,"followers_count":335,"geo_enabled":true,"profile_image_url_https":"https:\/\/si0.twimg.com\/profile_images\/1401916707\/adam-facebook-2011-06-06_v3_normal.jpg","profile_background_image_url":"http:\/\/a0.twimg.com\/images\/themes\/theme1\/bg.png","profile_background_image_url_https":"https:\/\/si0.twimg.com\/images\/themes\/theme1\/bg.png","follow_request_sent":null,"url":"http:\/\/twitter.com\/fletchadam","utc_offset":36000,"time_zone":"Melbourne","notifications":null,"profile_use_background_image":true,"friends_count":881,"profile_sidebar_fill_color":"DDEEF6","screen_name":"fletchadam","id_str":"319039545","show_all_inline_media":true,"profile_image_url":"http:\/\/a0.twimg.com\/profile_images\/1401916707\/adam-facebook-2011-06-06_v3_normal.jpg","is_translator":false,"listed_count":2},"coordinates":{"type":"Point","coordinates":[144.97169673,-37.80348578]}}
{"text":"Ouch! #smartbar last week @museumvictoria c\/- @visitmelbourne The echidna.  @ Melbourne Museum http:\/\/t.co\/X8JgHD2t","contributors":null,"geo":{"type":"Point","coordinates":[-37.80348578,144.97169673]},"retweeted":false,"in_reply_to_screen_name":null,"possibly_sensitive":false,"truncated":false,"entities":{"urls":[{"expanded_url":"http:\/\/instagr.am\/p\/H6TMAIzhZH\/","indices":[95,115],"display_url":"instagr.am\/p\/H6TMAIzhZH\/","url":"http:\/\/t.co\/X8JgHD2t"}],"hashtags":[{"text":"smartbar","indices":[6,15]}],"user_mentions":[{"id":54811393,"name":"Museum Victoria","indices":[26,41],"screen_name":"museumvictoria","id_str":"54811393"},{"id":47556919,"name":"Melbourne CVB","indices":[46,61],"screen_name":"VisitMelbourne","id_str":"47556919"}]},"in_reply_to_status_id_str":null,"id":177728320790736896,"in_reply_to_user_id_str":null,"source":"<a href=\"http:\/\/instagr.am\" rel=\"nofollow\">Instagram<\/a>","favorited":false,"in_reply_to_status_id":null,"retweet_count":0,"created_at":"Thu Mar 08 12:11:48 +0000 2012","in_reply_to_user_id":null,"possibly_sensitive_editable":true,"id_str":"177728320790736896","place":null,"user":{"location":"Melbourne","default_profile":true,"statuses_count":3437,"profile_background_tile":false,"lang":"en","profile_link_color":"0084B4","id":319039545,"following":null,"protected":false,"favourites_count":369,"profile_text_color":"333333","contributors_enabled":false,"description":"Political Intrigue. Pinot Noir. True Crime. Digital Nirvana. Real Food. Feet on Ground. Head in Clouds. Views are own.","verified":false,"name":"Adam Fletcher","profile_sidebar_border_color":"C0DEED","profile_background_color":"C0DEED","created_at":"Fri Jun 17 13:26:54 +0000 2011","default_profile_image":false,"followers_count":335,"geo_enabled":true,"profile_image_url_https":"https:\/\/si0.twimg.com\/profile_images\/1401916707\/adam-facebook-2011-06-06_v3_normal.jpg","profile_background_image_url":"http:\/\/a0.twimg.com\/images\/themes\/theme1\/bg.png","profile_background_image_url_https":"https:\/\/si0.twimg.com\/images\/themes\/theme1\/bg.png","follow_request_sent":null,"url":"http:\/\/twitter.com\/fletchadam","utc_offset":36000,"time_zone":"Melbourne","notifications":null,"profile_use_background_image":true,"friends_count":881,"profile_sidebar_fill_color":"DDEEF6","screen_name":"fletchadam","id_str":"319039545","show_all_inline_media":true,"profile_image_url":"http:\/\/a0.twimg.com\/profile_images\/1401916707\/adam-facebook-2011-06-06_v3_normal.jpg","is_translator":false,"listed_count":2},"coordinates":{"type":"Point","coordinates":[144.97169673,-37.80348578]}}
{"text":"Interview. A week ago #smartbar at @museumvictoria c\/- @visitmelbourne Getting close and  @ Melbourne Museum http:\/\/t.co\/h9tYlxvO","contributors":null,"geo":{"type":"Point","coordinates":[-37.80348578,144.97169673]},"retweeted":false,"in_reply_to_screen_name":null,"possibly_sensitive":false,"truncated":false,"entities":{"urls":[{"expanded_url":"http:\/\/instagr.am\/p\/H6RKcoThYu\/","indices":[109,129],"display_url":"instagr.am\/p\/H6RKcoThYu\/","url":"http:\/\/t.co\/h9tYlxvO"}],"hashtags":[{"text":"smartbar","indices":[22,31]}],"user_mentions":[{"id":54811393,"name":"Museum Victoria","indices":[35,50],"screen_name":"museumvictoria","id_str":"54811393"},{"id":47556919,"name":"Melbourne CVB","indices":[55,70],"screen_name":"VisitMelbourne","id_str":"47556919"}]},"in_reply_to_status_id_str":null,"id":177724145004589056,"in_reply_to_user_id_str":null,"source":"<a href=\"http:\/\/instagr.am\" rel=\"nofollow\">Instagram<\/a>","favorited":false,"in_reply_to_status_id":null,"retweet_count":0,"created_at":"Thu Mar 08 11:55:12 +0000 2012","in_reply_to_user_id":null,"possibly_sensitive_editable":true,"id_str":"177724145004589056","place":null,"user":{"location":"Melbourne","default_profile":true,"statuses_count":3434,"profile_background_tile":false,"lang":"en","profile_link_color":"0084B4","id":319039545,"following":null,"protected":false,"favourites_count":369,"profile_text_color":"333333","contributors_enabled":false,"description":"Political Intrigue. Pinot Noir. True Crime. Digital Nirvana. Real Food. Feet on Ground. Head in Clouds. Views are own.","verified":false,"name":"Adam Fletcher","profile_sidebar_border_color":"C0DEED","profile_background_color":"C0DEED","created_at":"Fri Jun 17 13:26:54 +0000 2011","default_profile_image":false,"followers_count":335,"geo_enabled":true,"profile_image_url_https":"https:\/\/si0.twimg.com\/profile_images\/1401916707\/adam-facebook-2011-06-06_v3_normal.jpg","profile_background_image_url":"http:\/\/a0.twimg.com\/images\/themes\/theme1\/bg.png","profile_background_image_url_https":"https:\/\/si0.twimg.com\/images\/themes\/theme1\/bg.png","follow_request_sent":null,"url":"http:\/\/twitter.com\/fletchadam","utc_offset":36000,"time_zone":"Melbourne","notifications":null,"profile_use_background_image":true,"friends_count":881,"profile_sidebar_fill_color":"DDEEF6","screen_name":"fletchadam","id_str":"319039545","show_all_inline_media":true,"profile_image_url":"http:\/\/a0.twimg.com\/profile_images\/1401916707\/adam-facebook-2011-06-06_v3_normal.jpg","is_translator":false,"listed_count":2},"coordinates":{"type":"Point","coordinates":[144.97169673,-37.80348578]}}
{"text":"Dem bones, dem bones... #smartbar last week @museumvictoria c\/- @visitmelbourne  @ Melbourne Museum http:\/\/t.co\/hkRxgQlo","contributors":null,"geo":{"type":"Point","coordinates":[-37.80348578,144.97169673]},"retweeted":false,"in_reply_to_screen_name":null,"possibly_sensitive":false,"truncated":false,"entities":{"urls":[{"expanded_url":"http:\/\/instagr.am\/p\/H6SlGZzhY-\/","indices":[100,120],"display_url":"instagr.am\/p\/H6SlGZzhY-\/","url":"http:\/\/t.co\/hkRxgQlo"}],"hashtags":[{"text":"smartbar","indices":[24,33]}],"user_mentions":[{"id":54811393,"name":"Museum Victoria","indices":[44,59],"screen_name":"museumvictoria","id_str":"54811393"},{"id":47556919,"name":"Melbourne CVB","indices":[64,79],"screen_name":"VisitMelbourne","id_str":"47556919"}]},"in_reply_to_status_id_str":null,"id":177726723331334144,"in_reply_to_user_id_str":null,"source":"<a href=\"http:\/\/instagr.am\" rel=\"nofollow\">Instagram<\/a>","favorited":false,"in_reply_to_status_id":null,"retweet_count":0,"created_at":"Thu Mar 08 12:05:27 +0000 2012","in_reply_to_user_id":null,"possibly_sensitive_editable":true,"id_str":"177726723331334144","place":null,"user":{"location":"Melbourne","default_profile":true,"statuses_count":3435,"profile_background_tile":false,"lang":"en","profile_link_color":"0084B4","id":319039545,"following":null,"protected":false,"favourites_count":369,"profile_text_color":"333333","contributors_enabled":false,"description":"Political Intrigue. Pinot Noir. True Crime. Digital Nirvana. Real Food. Feet on Ground. Head in Clouds. Views are own.","verified":false,"name":"Adam Fletcher","profile_sidebar_border_color":"C0DEED","profile_background_color":"C0DEED","created_at":"Fri Jun 17 13:26:54 +0000 2011","default_profile_image":false,"followers_count":335,"geo_enabled":true,"profile_image_url_https":"https:\/\/si0.twimg.com\/profile_images\/1401916707\/adam-facebook-2011-06-06_v3_normal.jpg","profile_background_image_url":"http:\/\/a0.twimg.com\/images\/themes\/theme1\/bg.png","profile_background_image_url_https":"https:\/\/si0.twimg.com\/images\/themes\/theme1\/bg.png","follow_request_sent":null,"url":"http:\/\/twitter.com\/fletchadam","utc_offset":36000,"time_zone":"Melbourne","notifications":null,"profile_use_background_image":true,"friends_count":881,"profile_sidebar_fill_color":"DDEEF6","screen_name":"fletchadam","id_str":"319039545","show_all_inline_media":true,"profile_image_url":"http:\/\/a0.twimg.com\/profile_images\/1401916707\/adam-facebook-2011-06-06_v3_normal.jpg","is_translator":false,"listed_count":2},"coordinates":{"type":"Point","coordinates":[144.97169673,-37.80348578]}}
{"text":"Love Melbourne Museum. So good if you have little ones.","contributors":null,"geo":{"type":"Point","coordinates":[-37.81298503,144.95371512]},"retweeted":false,"in_reply_to_screen_name":null,"truncated":false,"entities":{"urls":[],"hashtags":[],"user_mentions":[]},"in_reply_to_status_id_str":null,"id":188521596611334144,"source":"<a href=\"http:\/\/twitter.com\/#!\/download\/iphone\" rel=\"nofollow\">Twitter for iPhone<\/a>","in_reply_to_user_id_str":null,"favorited":false,"in_reply_to_status_id":null,"created_at":"Sat Apr 07 07:00:25 +0000 2012","retweet_count":0,"in_reply_to_user_id":null,"id_str":"188521596611334144","place":null,"user":{"location":"Melbourne, Australia","default_profile":true,"profile_background_tile":false,"statuses_count":68,"lang":"en","profile_link_color":"0084B4","id":227252122,"following":null,"favourites_count":0,"protected":false,"profile_text_color":"333333","description":"My name is Jen and I have a little virtual PA business.  I love Fashion, Food and Travel.  I have three beautiful boys: Kevin, Jackson and Lachlan.  ","contributors_enabled":false,"verified":false,"profile_sidebar_border_color":"C0DEED","name":"Jennifer Sze","profile_background_color":"C0DEED","created_at":"Thu Dec 16 09:51:22 +0000 2010","default_profile_image":false,"followers_count":23,"profile_image_url_https":"https:\/\/si0.twimg.com\/profile_images\/1194705009\/Web-Button_for_Twitter_normal.gif","geo_enabled":true,"profile_background_image_url":"http:\/\/a0.twimg.com\/images\/themes\/theme1\/bg.png","profile_background_image_url_https":"https:\/\/si0.twimg.com\/images\/themes\/theme1\/bg.png","follow_request_sent":null,"url":"http:\/\/yourbaysidevirtualpa.com.au","utc_offset":36000,"time_zone":"Melbourne","notifications":null,"friends_count":33,"profile_use_background_image":true,"profile_sidebar_fill_color":"DDEEF6","screen_name":"yourbaysideva","id_str":"227252122","show_all_inline_media":false,"profile_image_url":"http:\/\/a0.twimg.com\/profile_images\/1194705009\/Web-Button_for_Twitter_normal.gif","listed_count":0,"is_translator":false},"coordinates":{"type":"Point","coordinates":[144.95371512,-37.81298503]}}
{"text":"Midnight jam session :) (@ Melbourne Museum) http:\/\/t.co\/VHzMgcmh","contributors":null,"geo":{"type":"Point","coordinates":[-37.80348578,144.97169673]},"retweeted":false,"in_reply_to_screen_name":null,"possibly_sensitive":false,"truncated":false,"entities":{"urls":[{"expanded_url":"http:\/\/4sq.com\/HodTlr","indices":[45,65],"display_url":"4sq.com\/HodTlr","url":"http:\/\/t.co\/VHzMgcmh"}],"hashtags":[],"user_mentions":[]},"in_reply_to_status_id_str":null,"id":188616224404545538,"in_reply_to_user_id_str":null,"source":"<a href=\"http:\/\/foursquare.com\" rel=\"nofollow\">foursquare<\/a>","favorited":false,"in_reply_to_status_id":null,"created_at":"Sat Apr 07 13:16:26 +0000 2012","retweet_count":0,"in_reply_to_user_id":null,"possibly_sensitive_editable":true,"id_str":"188616224404545538","place":null,"user":{"location":"Australia","default_profile":false,"profile_background_tile":true,"statuses_count":3197,"lang":"en","profile_link_color":"009999","id":17568521,"following":null,"favourites_count":0,"protected":false,"profile_text_color":"333333","description":"Self confessed lunatic who takes pleasure korean\/japanese pop music, fashion, hip hop and the evil advertising world.","contributors_enabled":false,"verified":false,"profile_sidebar_border_color":"eeeeee","name":"Marnie","profile_background_color":"131516","created_at":"Sun Nov 23 04:00:15 +0000 2008","default_profile_image":false,"followers_count":72,"profile_image_url_https":"https:\/\/si0.twimg.com\/profile_images\/1376917069\/Photo_on_2011-06-01_at_10.04_normal.jpg","geo_enabled":true,"profile_background_image_url":"http:\/\/a0.twimg.com\/profile_background_images\/262042996\/209202_10150168378216892_722166891_7234056_2891323_o.jpg","profile_background_image_url_https":"https:\/\/si0.twimg.com\/profile_background_images\/262042996\/209202_10150168378216892_722166891_7234056_2891323_o.jpg","follow_request_sent":null,"url":"http:\/\/www.marnie-says.blogspot.com","utc_offset":36000,"time_zone":"Melbourne","notifications":null,"friends_count":184,"profile_use_background_image":true,"profile_sidebar_fill_color":"efefef","screen_name":"_strongbaby","id_str":"17568521","show_all_inline_media":false,"profile_image_url":"http:\/\/a0.twimg.com\/profile_images\/1376917069\/Photo_on_2011-06-01_at_10.04_normal.jpg","listed_count":0,"is_translator":false},"coordinates":{"type":"Point","coordinates":[144.97169673,-37.80348578]}}
{"text":"I'm at Melbourne Museum (Carlton, VIC) http:\/\/t.co\/Z0jwclBA","contributors":null,"geo":{"type":"Point","coordinates":[-37.80348578,144.97169673]},"retweeted":false,"in_reply_to_screen_name":null,"possibly_sensitive":false,"truncated":false,"entities":{"urls":[{"expanded_url":"http:\/\/4sq.com\/Hoq7Gh","indices":[39,59],"display_url":"4sq.com\/Hoq7Gh","url":"http:\/\/t.co\/Z0jwclBA"}],"hashtags":[],"user_mentions":[]},"in_reply_to_status_id_str":null,"id":189522625318494211,"source":"<a href=\"http:\/\/foursquare.com\" rel=\"nofollow\">foursquare<\/a>","in_reply_to_user_id_str":null,"favorited":false,"in_reply_to_status_id":null,"in_reply_to_user_id":null,"retweet_count":0,"created_at":"Tue Apr 10 01:18:09 +0000 2012","possibly_sensitive_editable":true,"id_str":"189522625318494211","place":null,"user":{"location":"Melbourne Aust","default_profile":false,"profile_background_tile":true,"statuses_count":274,"lang":"en","profile_link_color":"FF0000","id":22683777,"following":null,"favourites_count":119,"protected":false,"profile_text_color":"3D1957","verified":false,"contributors_enabled":false,"description":"live & learn or don't & die. I don't care","name":"Jayp","profile_sidebar_border_color":"65B0DA","profile_background_color":"642D8B","created_at":"Tue Mar 03 21:34:48 +0000 2009","default_profile_image":false,"followers_count":80,"profile_image_url_https":"https:\/\/si0.twimg.com\/profile_images\/1807208595\/jaypworkRS_normal.jpg","geo_enabled":true,"profile_background_image_url":"http:\/\/a0.twimg.com\/images\/themes\/theme10\/bg.gif","profile_background_image_url_https":"https:\/\/si0.twimg.com\/images\/themes\/theme10\/bg.gif","follow_request_sent":null,"url":null,"utc_offset":36000,"time_zone":"Melbourne","notifications":null,"friends_count":395,"profile_use_background_image":true,"profile_sidebar_fill_color":"7AC3EE","screen_name":"Polarbear74","id_str":"22683777","show_all_inline_media":false,"profile_image_url":"http:\/\/a0.twimg.com\/profile_images\/1807208595\/jaypworkRS_normal.jpg","listed_count":0,"is_translator":false},"coordinates":{"type":"Point","coordinates":[144.97169673,-37.80348578]}}
{"text":"#sunset over #melbourne #museum #heritage #iphoneography   @ Melbourne Museum http:\/\/t.co\/XSW1YSie","contributors":null,"geo":{"type":"Point","coordinates":[-37.80348578,144.97169673]},"retweeted":false,"in_reply_to_screen_name":null,"possibly_sensitive":false,"truncated":false,"entities":{"urls":[{"expanded_url":"http:\/\/instagr.am\/p\/JR8kiIyZtt\/","indices":[78,98],"display_url":"instagr.am\/p\/JR8kiIyZtt\/","url":"http:\/\/t.co\/XSW1YSie"}],"hashtags":[{"text":"sunset","indices":[0,7]},{"text":"melbourne","indices":[13,23]},{"text":"museum","indices":[24,31]},{"text":"heritage","indices":[32,41]},{"text":"iphoneography","indices":[42,56]}],"user_mentions":[]},"in_reply_to_status_id_str":null,"id":190063361042554881,"in_reply_to_user_id_str":null,"source":"<a href=\"http:\/\/instagr.am\" rel=\"nofollow\">Instagram<\/a>","favorited":false,"in_reply_to_status_id":null,"created_at":"Wed Apr 11 13:06:51 +0000 2012","in_reply_to_user_id":null,"retweet_count":0,"possibly_sensitive_editable":true,"id_str":"190063361042554881","place":null,"user":{"location":"Melbourne, Australia","default_profile":false,"statuses_count":8004,"profile_background_tile":false,"lang":"en","profile_link_color":"2FC2EF","id":15945756,"following":null,"protected":false,"favourites_count":3,"profile_text_color":"666666","description":"just a guy who is wandering the life","contributors_enabled":false,"verified":false,"name":"Sonny K.","profile_sidebar_border_color":"181A1E","profile_background_color":"1A1B1F","created_at":"Fri Aug 22 15:00:03 +0000 2008","default_profile_image":false,"followers_count":952,"geo_enabled":true,"profile_image_url_https":"https:\/\/si0.twimg.com\/profile_images\/1191969435\/_MG_4425-400_normal.jpg","profile_background_image_url":"http:\/\/a0.twimg.com\/profile_background_images\/4351236\/blac2-1600.png","profile_background_image_url_https":"https:\/\/si0.twimg.com\/profile_background_images\/4351236\/blac2-1600.png","follow_request_sent":null,"url":"http:\/\/jishan.tumblr.com","utc_offset":36000,"time_zone":"Melbourne","notifications":null,"profile_use_background_image":true,"friends_count":122,"profile_sidebar_fill_color":"252429","screen_name":"jishanvn","id_str":"15945756","profile_image_url":"http:\/\/a0.twimg.com\/profile_images\/1191969435\/_MG_4425-400_normal.jpg","show_all_inline_media":true,"listed_count":24,"is_translator":false},"coordinates":{"type":"Point","coordinates":[144.97169673,-37.80348578]}}
{"contributors":null,"text":"I'm at Melbourne Museum (Carlton, VIC) http:\/\/t.co\/Gh4RokTD","geo":{"type":"Point","coordinates":[-37.80348578,144.97169673]},"retweeted":false,"in_reply_to_screen_name":null,"possibly_sensitive":false,"truncated":false,"entities":{"urls":[{"expanded_url":"http:\/\/4sq.com\/HJahZN","indices":[39,59],"display_url":"4sq.com\/HJahZN","url":"http:\/\/t.co\/Gh4RokTD"}],"hashtags":[],"user_mentions":[]},"in_reply_to_status_id_str":null,"id":187331971381338113,"in_reply_to_user_id_str":null,"source":"<a href=\"http:\/\/foursquare.com\" rel=\"nofollow\">foursquare<\/a>","favorited":false,"in_reply_to_status_id":null,"in_reply_to_user_id":null,"retweet_count":0,"created_at":"Wed Apr 04 00:13:17 +0000 2012","possibly_sensitive_editable":true,"id_str":"187331971381338113","place":null,"user":{"location":"Auckland, New Zealand","default_profile":false,"statuses_count":8222,"profile_background_tile":true,"lang":"en","profile_link_color":"FF0000","id":21386144,"following":null,"favourites_count":39,"protected":false,"profile_text_color":"0C3E53","verified":false,"description":"Family History Librarian. Best job in the world. I tweet genealogy, libraries and other unrelated stuff too. Enjoy Twitter conversations. My Tweets my own.","contributors_enabled":false,"name":"Seonaid Lewis","profile_sidebar_border_color":"F2E195","profile_background_color":"BADFCD","created_at":"Fri Feb 20 09:40:44 +0000 2009","default_profile_image":false,"followers_count":1144,"profile_image_url_https":"https:\/\/si0.twimg.com\/profile_images\/1275545252\/Seonaid_Lewis-1_normal.jpg","geo_enabled":true,"profile_background_image_url":"http:\/\/a0.twimg.com\/profile_background_images\/56042825\/TORBAY.JPG","profile_background_image_url_https":"https:\/\/si0.twimg.com\/profile_background_images\/56042825\/TORBAY.JPG","follow_request_sent":null,"url":"http:\/\/huntingancestors.blogspot.com","utc_offset":43200,"time_zone":"Wellington","notifications":null,"profile_use_background_image":true,"friends_count":1222,"profile_sidebar_fill_color":"FFF7CC","screen_name":"genebrarian","id_str":"21386144","profile_image_url":"http:\/\/a0.twimg.com\/profile_images\/1275545252\/Seonaid_Lewis-1_normal.jpg","show_all_inline_media":true,"listed_count":83,"is_translator":false},"coordinates":{"type":"Point","coordinates":[144.97169673,-37.80348578]}}
