{"text":"Early morning at the Triathlon (at St Kilda Beach) \u2014 http:\/\/t.co\/6Y28iXa8","contributors":null,"geo":{"type":"Point","coordinates":[-37.86767146,144.97361183]},"retweeted":false,"in_reply_to_screen_name":null,"possibly_sensitive":false,"truncated":false,"entities":{"urls":[{"expanded_url":"http:\/\/path.com\/p\/41l9BG","indices":[53,73],"display_url":"path.com\/p\/41l9BG","url":"http:\/\/t.co\/6Y28iXa8"}],"hashtags":[],"user_mentions":[]},"in_reply_to_status_id_str":null,"id":186194405525422080,"in_reply_to_user_id_str":null,"source":"<a href=\"http:\/\/path.com\/\" rel=\"nofollow\">Path 2.0<\/a>","favorited":false,"in_reply_to_status_id":null,"retweet_count":0,"in_reply_to_user_id":null,"created_at":"Sat Mar 31 20:53:00 +0000 2012","possibly_sensitive_editable":true,"id_str":"186194405525422080","place":null,"user":{"location":"Australia","default_profile":true,"statuses_count":33,"profile_background_tile":false,"lang":"en","profile_link_color":"0084B4","id":509818098,"following":null,"favourites_count":1,"protected":false,"profile_text_color":"333333","description":"","contributors_enabled":false,"verified":false,"name":"Jessica Wabinski\n","profile_sidebar_border_color":"C0DEED","profile_background_color":"C0DEED","created_at":"Thu Mar 01 06:41:41 +0000 2012","default_profile_image":false,"followers_count":1,"geo_enabled":true,"profile_image_url_https":"https:\/\/si0.twimg.com\/profile_images\/1897775566\/image_normal.jpg","profile_background_image_url":"http:\/\/a0.twimg.com\/images\/themes\/theme1\/bg.png","profile_background_image_url_https":"https:\/\/si0.twimg.com\/images\/themes\/theme1\/bg.png","follow_request_sent":null,"url":null,"utc_offset":36000,"time_zone":"Melbourne","notifications":null,"friends_count":22,"profile_use_background_image":true,"profile_sidebar_fill_color":"DDEEF6","screen_name":"JessicaWabinski","id_str":"509818098","profile_image_url":"http:\/\/a0.twimg.com\/profile_images\/1897775566\/image_normal.jpg","show_all_inline_media":false,"is_translator":false,"listed_count":0},"coordinates":{"type":"Point","coordinates":[144.97361183,-37.86767146]}}
{"text":"Half way there... (at St Kilda Beach) [pic] \u2014 http:\/\/t.co\/ChylS6Wr","contributors":null,"geo":{"type":"Point","coordinates":[-37.86767146,144.97361183]},"retweeted":false,"in_reply_to_screen_name":null,"possibly_sensitive":false,"truncated":false,"entities":{"urls":[{"expanded_url":"http:\/\/path.com\/p\/1tAhF9","indices":[46,66],"display_url":"path.com\/p\/1tAhF9","url":"http:\/\/t.co\/ChylS6Wr"}],"hashtags":[],"user_mentions":[]},"in_reply_to_status_id_str":null,"id":185899266252865537,"in_reply_to_user_id_str":null,"source":"<a href=\"http:\/\/path.com\/\" rel=\"nofollow\">Path 2.0<\/a>","favorited":false,"in_reply_to_status_id":null,"retweet_count":0,"in_reply_to_user_id":null,"created_at":"Sat Mar 31 01:20:13 +0000 2012","possibly_sensitive_editable":true,"id_str":"185899266252865537","place":null,"user":{"location":"Melbourne","default_profile":false,"statuses_count":83532,"profile_background_tile":false,"lang":"en","profile_link_color":"1e00ff","id":18343721,"following":null,"favourites_count":35,"protected":false,"profile_text_color":"333333","description":"INTJ. Australian. I like tweeting and stuff. Occasional posts from Tumblr, some photos of Melbourne. RTs are an endorsement, who are we kidding?","contributors_enabled":false,"verified":false,"name":"Steve Davidson","profile_sidebar_border_color":"eeeeee","profile_background_color":"131516","created_at":"Tue Dec 23 22:11:49 +0000 2008","default_profile_image":false,"followers_count":55150,"geo_enabled":true,"profile_image_url_https":"https:\/\/si0.twimg.com\/profile_images\/1891165513\/MkSpg8wd_normal","profile_background_image_url":"http:\/\/a0.twimg.com\/profile_background_images\/439945291\/autumn__3_.jpg","profile_background_image_url_https":"https:\/\/si0.twimg.com\/profile_background_images\/439945291\/autumn__3_.jpg","follow_request_sent":null,"url":"http:\/\/www.facebook.com\/pages\/Melburnian\/287037627403","utc_offset":36000,"time_zone":"Melbourne","notifications":null,"friends_count":54984,"profile_use_background_image":true,"profile_sidebar_fill_color":"efefef","screen_name":"melburnian","id_str":"18343721","profile_image_url":"http:\/\/a0.twimg.com\/profile_images\/1891165513\/MkSpg8wd_normal","show_all_inline_media":true,"is_translator":false,"listed_count":761},"coordinates":{"type":"Point","coordinates":[144.97361183,-37.86767146]}}
{"text":"Bagusan Bali kemana mana.. (@ St Kilda Beach) http:\/\/t.co\/k355Wmiy","contributors":null,"geo":{"type":"Point","coordinates":[-37.86767146,144.97361183]},"retweeted":false,"in_reply_to_screen_name":null,"possibly_sensitive":false,"truncated":false,"entities":{"urls":[{"expanded_url":"http:\/\/4sq.com\/GKYGZs","indices":[46,66],"display_url":"4sq.com\/GKYGZs","url":"http:\/\/t.co\/k355Wmiy"}],"hashtags":[],"user_mentions":[]},"in_reply_to_status_id_str":null,"id":183436722330271744,"in_reply_to_user_id_str":null,"source":"<a href=\"http:\/\/foursquare.com\" rel=\"nofollow\">foursquare<\/a>","favorited":false,"in_reply_to_status_id":null,"created_at":"Sat Mar 24 06:14:57 +0000 2012","retweet_count":0,"in_reply_to_user_id":null,"possibly_sensitive_editable":true,"id_str":"183436722330271744","place":null,"user":{"location":"-6.163315,106.788844","default_profile":true,"statuses_count":3590,"profile_background_tile":false,"lang":"en","profile_link_color":"0084B4","id":62286267,"following":null,"favourites_count":8,"protected":false,"profile_text_color":"333333","verified":false,"contributors_enabled":false,"description":"","profile_sidebar_border_color":"C0DEED","name":"Simson","profile_background_color":"C0DEED","created_at":"Sun Aug 02 16:03:04 +0000 2009","default_profile_image":false,"followers_count":105,"geo_enabled":true,"profile_image_url_https":"https:\/\/si0.twimg.com\/profile_images\/1580215243\/image_normal.jpg","profile_background_image_url":"http:\/\/a0.twimg.com\/images\/themes\/theme1\/bg.png","profile_background_image_url_https":"https:\/\/si0.twimg.com\/images\/themes\/theme1\/bg.png","follow_request_sent":null,"url":null,"utc_offset":-28800,"time_zone":"Pacific Time (US & Canada)","notifications":null,"profile_use_background_image":true,"friends_count":152,"profile_sidebar_fill_color":"DDEEF6","screen_name":"Simson_Sims","id_str":"62286267","show_all_inline_media":false,"profile_image_url":"http:\/\/a0.twimg.com\/profile_images\/1580215243\/image_normal.jpg","listed_count":2,"is_translator":false},"coordinates":{"type":"Point","coordinates":[144.97361183,-37.86767146]}}
{"contributors":null,"text":"I'm at St Kilda Beach (St Kilda, VIC) http:\/\/t.co\/eMHgEB1p","geo":{"type":"Point","coordinates":[-37.86767146,144.97361183]},"retweeted":false,"in_reply_to_screen_name":null,"possibly_sensitive":false,"truncated":false,"entities":{"urls":[{"expanded_url":"http:\/\/4sq.com\/ym0Liy","indices":[38,58],"display_url":"4sq.com\/ym0Liy","url":"http:\/\/t.co\/eMHgEB1p"}],"hashtags":[],"user_mentions":[]},"in_reply_to_status_id_str":null,"id":179437504393510912,"source":"<a href=\"http:\/\/foursquare.com\" rel=\"nofollow\">foursquare<\/a>","in_reply_to_user_id_str":null,"favorited":false,"in_reply_to_status_id":null,"in_reply_to_user_id":null,"retweet_count":0,"created_at":"Tue Mar 13 05:23:29 +0000 2012","possibly_sensitive_editable":true,"id_str":"179437504393510912","place":null,"user":{"location":"San Francisco","default_profile":false,"profile_background_tile":false,"statuses_count":2950,"lang":"en","profile_link_color":"2FC2EF","id":1000551,"following":null,"protected":false,"favourites_count":84,"profile_text_color":"666666","contributors_enabled":false,"description":"Entrepreneur and software engineer from Sydney living it up in San Francisco!","verified":false,"name":"Glen T","profile_sidebar_border_color":"181A1E","profile_background_color":"1A1B1F","created_at":"Mon Mar 12 10:46:44 +0000 2007","default_profile_image":false,"followers_count":124,"profile_image_url_https":"https:\/\/si0.twimg.com\/profile_images\/1121826958\/MePicnicSmall_normal.jpg","geo_enabled":true,"profile_background_image_url":"http:\/\/a0.twimg.com\/images\/themes\/theme9\/bg.gif","profile_background_image_url_https":"https:\/\/si0.twimg.com\/images\/themes\/theme9\/bg.gif","follow_request_sent":null,"url":"http:\/\/tregtech.wordpress.com\/","utc_offset":-28800,"time_zone":"Pacific Time (US & Canada)","notifications":null,"friends_count":158,"profile_use_background_image":true,"profile_sidebar_fill_color":"252429","screen_name":"glent","id_str":"1000551","show_all_inline_media":false,"profile_image_url":"http:\/\/a0.twimg.com\/profile_images\/1121826958\/MePicnicSmall_normal.jpg","listed_count":5,"is_translator":false},"coordinates":{"type":"Point","coordinates":[144.97361183,-37.86767146]}}
{"contributors":null,"text":"I'm at St Kilda Beach (St Kilda, VIC) [pic]: http:\/\/t.co\/9gqbt4mF","geo":{"type":"Point","coordinates":[-37.86767146,144.97361183]},"retweeted":false,"in_reply_to_screen_name":null,"possibly_sensitive":false,"truncated":false,"entities":{"urls":[{"expanded_url":"http:\/\/4sq.com\/AfgamZ","indices":[45,65],"display_url":"4sq.com\/AfgamZ","url":"http:\/\/t.co\/9gqbt4mF"}],"hashtags":[],"user_mentions":[]},"in_reply_to_status_id_str":null,"id":180097562529894400,"in_reply_to_user_id_str":null,"source":"<a href=\"http:\/\/foursquare.com\" rel=\"nofollow\">foursquare<\/a>","favorited":false,"in_reply_to_status_id":null,"created_at":"Thu Mar 15 01:06:19 +0000 2012","in_reply_to_user_id":null,"retweet_count":0,"possibly_sensitive_editable":true,"id_str":"180097562529894400","place":null,"user":{"location":"Australia , Melbourne","default_profile":false,"statuses_count":6622,"profile_background_tile":false,"lang":"en","profile_link_color":"9e2020","id":236966253,"following":null,"protected":false,"favourites_count":1,"profile_text_color":"fc0808","description":"I\u2019ve learned I don\u2019t know anything.  Have also learned that people will pay for what I know.  Life is good","verified":false,"contributors_enabled":false,"name":"Fahad AlFahad","profile_sidebar_border_color":"010608","profile_background_color":"000000","created_at":"Tue Jan 11 19:37:01 +0000 2011","default_profile_image":false,"followers_count":200,"profile_image_url_https":"https:\/\/si0.twimg.com\/profile_images\/1851756380\/367353ce-0931-45cc-8489-d5ef3c2c346d_normal.png","geo_enabled":true,"profile_background_image_url":"http:\/\/a0.twimg.com\/profile_background_images\/358287139\/Believe.jpg","profile_background_image_url_https":"https:\/\/si0.twimg.com\/profile_background_images\/358287139\/Believe.jpg","follow_request_sent":null,"url":"http:\/\/ask.fm\/Alfohdy","utc_offset":10800,"time_zone":"Kuwait","notifications":null,"profile_use_background_image":true,"friends_count":105,"profile_sidebar_fill_color":"000000","screen_name":"Alfohdy","id_str":"236966253","show_all_inline_media":false,"profile_image_url":"http:\/\/a0.twimg.com\/profile_images\/1851756380\/367353ce-0931-45cc-8489-d5ef3c2c346d_normal.png","is_translator":false,"listed_count":3},"coordinates":{"type":"Point","coordinates":[144.97361183,-37.86767146]}}
{"text":"Parmi, latte, and a jug of beer to myself next to the beach. Great day off :-)  @ St Kilda Beach http:\/\/t.co\/mT30hQmy","contributors":null,"geo":{"type":"Point","coordinates":[-37.86144,144.9743]},"retweeted":false,"in_reply_to_screen_name":null,"possibly_sensitive":false,"truncated":false,"entities":{"urls":[{"expanded_url":"http:\/\/instagr.am\/p\/IDvAYhjIOo\/","indices":[97,117],"display_url":"instagr.am\/p\/IDvAYhjIOo\/","url":"http:\/\/t.co\/mT30hQmy"}],"hashtags":[],"user_mentions":[]},"in_reply_to_status_id_str":null,"id":179055794363437056,"in_reply_to_user_id_str":null,"source":"<a href=\"http:\/\/instagr.am\" rel=\"nofollow\">Instagram<\/a>","favorited":false,"in_reply_to_status_id":null,"retweet_count":0,"created_at":"Mon Mar 12 04:06:42 +0000 2012","in_reply_to_user_id":null,"possibly_sensitive_editable":true,"id_str":"179055794363437056","place":null,"user":{"location":"Everywhere","default_profile":false,"statuses_count":15,"profile_background_tile":false,"lang":"en","profile_link_color":"2FC2EF","id":343242842,"following":null,"protected":false,"favourites_count":0,"profile_text_color":"666666","contributors_enabled":false,"description":"Music. Drums. Guitar. Dream On Dreamer. Take Chances. Follow your Dreams. Live and Love Life. ","verified":false,"name":"Aaron Andrew Fiocca","profile_sidebar_border_color":"181A1E","profile_background_color":"1A1B1F","created_at":"Wed Jul 27 08:07:47 +0000 2011","default_profile_image":false,"followers_count":90,"geo_enabled":true,"profile_image_url_https":"https:\/\/si0.twimg.com\/profile_images\/1856367274\/image_normal.jpg","profile_background_image_url":"http:\/\/a0.twimg.com\/images\/themes\/theme9\/bg.gif","profile_background_image_url_https":"https:\/\/si0.twimg.com\/images\/themes\/theme9\/bg.gif","follow_request_sent":null,"url":"http:\/\/dreamondreamerband.com","utc_offset":null,"time_zone":null,"notifications":null,"profile_use_background_image":true,"friends_count":20,"profile_sidebar_fill_color":"252429","screen_name":"AaronFiocca","id_str":"343242842","show_all_inline_media":false,"profile_image_url":"http:\/\/a0.twimg.com\/profile_images\/1856367274\/image_normal.jpg","is_translator":false,"listed_count":0},"coordinates":{"type":"Point","coordinates":[144.9743,-37.86144]}}
{"text":"I'm at St Kilda Beach (St Kilda, VIC) http:\/\/t.co\/qiIAw1Jh","contributors":null,"geo":{"type":"Point","coordinates":[-37.86767146,144.97361183]},"retweeted":false,"in_reply_to_screen_name":null,"possibly_sensitive":false,"truncated":false,"entities":{"urls":[{"expanded_url":"http:\/\/4sq.com\/xIMcWH","indices":[38,58],"display_url":"4sq.com\/xIMcWH","url":"http:\/\/t.co\/qiIAw1Jh"}],"hashtags":[],"user_mentions":[]},"in_reply_to_status_id_str":null,"id":179042429469589504,"in_reply_to_user_id_str":null,"source":"<a href=\"http:\/\/foursquare.com\" rel=\"nofollow\">foursquare<\/a>","favorited":false,"in_reply_to_status_id":null,"retweet_count":0,"created_at":"Mon Mar 12 03:13:36 +0000 2012","in_reply_to_user_id":null,"possibly_sensitive_editable":true,"id_str":"179042429469589504","place":null,"user":{"location":null,"default_profile":false,"statuses_count":87,"profile_background_tile":false,"lang":"en","profile_link_color":"CC3366","id":288053833,"following":null,"protected":false,"favourites_count":0,"profile_text_color":"333333","contributors_enabled":false,"description":null,"verified":false,"name":"Liz Zulkafli","profile_sidebar_border_color":"DBE9ED","profile_background_color":"DBE9ED","created_at":"Tue Apr 26 04:48:10 +0000 2011","default_profile_image":false,"followers_count":14,"geo_enabled":true,"profile_image_url_https":"https:\/\/si0.twimg.com\/profile_images\/1442357916\/image_normal.jpg","profile_background_image_url":"http:\/\/a0.twimg.com\/images\/themes\/theme17\/bg.gif","profile_background_image_url_https":"https:\/\/si0.twimg.com\/images\/themes\/theme17\/bg.gif","follow_request_sent":null,"url":null,"utc_offset":28800,"time_zone":"Kuala Lumpur","notifications":null,"profile_use_background_image":true,"friends_count":11,"profile_sidebar_fill_color":"E6F6F9","screen_name":"lizzulkafli","id_str":"288053833","show_all_inline_media":false,"profile_image_url":"http:\/\/a0.twimg.com\/profile_images\/1442357916\/image_normal.jpg","is_translator":false,"listed_count":0},"coordinates":{"type":"Point","coordinates":[144.97361183,-37.86767146]}}
{"text":"I'm at St Kilda Beach (St Kilda, VIC) http:\/\/t.co\/CjiONtGh","contributors":null,"geo":{"type":"Point","coordinates":[-37.86767146,144.97361183]},"retweeted":false,"in_reply_to_screen_name":null,"possibly_sensitive":false,"truncated":false,"entities":{"urls":[{"expanded_url":"http:\/\/4sq.com\/xic2vT","indices":[38,58],"display_url":"4sq.com\/xic2vT","url":"http:\/\/t.co\/CjiONtGh"}],"hashtags":[],"user_mentions":[]},"in_reply_to_status_id_str":null,"id":179136058133446659,"in_reply_to_user_id_str":null,"source":"<a href=\"http:\/\/foursquare.com\" rel=\"nofollow\">foursquare<\/a>","favorited":false,"in_reply_to_status_id":null,"retweet_count":0,"created_at":"Mon Mar 12 09:25:39 +0000 2012","in_reply_to_user_id":null,"possibly_sensitive_editable":true,"id_str":"179136058133446659","place":null,"user":{"location":"Kuwait, Melbourne","default_profile":true,"statuses_count":3037,"profile_background_tile":false,"lang":"en","profile_link_color":"0084B4","id":277949817,"following":null,"protected":false,"favourites_count":1,"profile_text_color":"333333","contributors_enabled":false,"description":"","verified":false,"name":"NoorAlMasaud","profile_sidebar_border_color":"C0DEED","profile_background_color":"C0DEED","created_at":"Wed Apr 06 09:13:18 +0000 2011","default_profile_image":false,"followers_count":76,"geo_enabled":true,"profile_image_url_https":"https:\/\/si0.twimg.com\/profile_images\/1533707567\/image_normal.jpg","profile_background_image_url":"http:\/\/a0.twimg.com\/images\/themes\/theme1\/bg.png","profile_background_image_url_https":"https:\/\/si0.twimg.com\/images\/themes\/theme1\/bg.png","follow_request_sent":null,"url":"http:\/\/ask.fm\/Nooralmasaud","utc_offset":null,"time_zone":null,"notifications":null,"profile_use_background_image":true,"friends_count":67,"profile_sidebar_fill_color":"DDEEF6","screen_name":"NoorAlmasaud","id_str":"277949817","show_all_inline_media":false,"profile_image_url":"http:\/\/a0.twimg.com\/profile_images\/1533707567\/image_normal.jpg","is_translator":false,"listed_count":0},"coordinates":{"type":"Point","coordinates":[144.97361183,-37.86767146]}}
{"text":"Getting paid to chill at St Kilda Beach eating lunch http:\/\/t.co\/5UpI6g0J","contributors":null,"geo":{"type":"Point","coordinates":[-37.857917,144.968022]},"retweeted":false,"in_reply_to_screen_name":null,"possibly_sensitive":false,"truncated":false,"entities":{"urls":[{"expanded_url":"http:\/\/picplz.com\/zqHvp","indices":[53,73],"display_url":"picplz.com\/zqHvp","url":"http:\/\/t.co\/5UpI6g0J"}],"hashtags":[],"user_mentions":[]},"in_reply_to_status_id_str":null,"id":185545265783111681,"in_reply_to_user_id_str":null,"source":"<a href=\"http:\/\/picplz.com\/\" rel=\"nofollow\">picplz<\/a>","favorited":false,"in_reply_to_status_id":null,"in_reply_to_user_id":null,"created_at":"Fri Mar 30 01:53:33 +0000 2012","retweet_count":0,"possibly_sensitive_editable":true,"id_str":"185545265783111681","place":null,"user":{"location":"Australia","default_profile":false,"profile_background_tile":false,"statuses_count":101,"lang":"en","profile_link_color":"0b331e","id":147450013,"following":null,"favourites_count":0,"protected":false,"profile_text_color":"752f75","description":"studying to be a marine biologist who was born on the coast in QLD, AUS. A blonde Lifeguard who surfs, a muso, drinks alot - I am the stereotypical Aussie Gal","contributors_enabled":false,"verified":false,"name":"Jacinta Early","profile_sidebar_border_color":"EEEEEE","profile_background_color":"c28bf5","created_at":"Mon May 24 05:00:13 +0000 2010","default_profile_image":false,"followers_count":12,"geo_enabled":true,"profile_image_url_https":"https:\/\/si0.twimg.com\/profile_images\/925866029\/25257_390179621002_534581002_4580091_3259673_n_normal.jpg","profile_background_image_url":"http:\/\/a0.twimg.com\/profile_background_images\/440805977\/IMAG0027.jpg","profile_background_image_url_https":"https:\/\/si0.twimg.com\/profile_background_images\/440805977\/IMAG0027.jpg","follow_request_sent":null,"url":"http:\/\/www.facebook.com\/jcsandrix","utc_offset":36000,"time_zone":"Melbourne","notifications":null,"profile_use_background_image":true,"friends_count":11,"profile_sidebar_fill_color":"F6F6F6","screen_name":"JcSandrix","id_str":"147450013","profile_image_url":"http:\/\/a0.twimg.com\/profile_images\/925866029\/25257_390179621002_534581002_4580091_3259673_n_normal.jpg","show_all_inline_media":false,"listed_count":0,"is_translator":false},"coordinates":{"type":"Point","coordinates":[144.968022,-37.857917]}}
{"text":"Night walking. :) (@ St Kilda Beach w\/ @zaczulhusni @farnsar @maselfloveme) http:\/\/t.co\/lLFCNcf8","contributors":null,"geo":{"type":"Point","coordinates":[-37.86767146,144.97361183]},"retweeted":false,"in_reply_to_screen_name":null,"possibly_sensitive":false,"truncated":false,"entities":{"urls":[{"expanded_url":"http:\/\/4sq.com\/HmHwDt","indices":[76,96],"display_url":"4sq.com\/HmHwDt","url":"http:\/\/t.co\/lLFCNcf8"}],"hashtags":[],"user_mentions":[{"id":216344837,"name":"z.a.c","indices":[39,51],"screen_name":"zaczulhusni","id_str":"216344837"},{"id":354271055,"name":"Rauf ","indices":[61,74],"screen_name":"maselfloveme","id_str":"354271055"}]},"in_reply_to_status_id_str":null,"id":185730011381239808,"in_reply_to_user_id_str":null,"source":"<a href=\"http:\/\/foursquare.com\" rel=\"nofollow\">foursquare<\/a>","favorited":false,"in_reply_to_status_id":null,"in_reply_to_user_id":null,"retweet_count":0,"created_at":"Fri Mar 30 14:07:40 +0000 2012","possibly_sensitive_editable":true,"id_str":"185730011381239808","place":null,"user":{"location":"Melbourne","default_profile":false,"statuses_count":6877,"profile_background_tile":false,"lang":"en","profile_link_color":"CC3366","id":236299370,"following":null,"favourites_count":10,"protected":false,"profile_text_color":"333333","contributors_enabled":false,"description":"You don't live my life, suffer my pain, enjoy my happiness, walk my path, so stop judging me.  ","verified":false,"name":"Shayra Jaafar","profile_sidebar_border_color":"DBE9ED","profile_background_color":"DBE9ED","created_at":"Mon Jan 10 08:01:27 +0000 2011","default_profile_image":false,"followers_count":89,"profile_image_url_https":"https:\/\/si0.twimg.com\/profile_images\/1915399131\/336418026_normal.jpg","geo_enabled":true,"profile_background_image_url":"http:\/\/a0.twimg.com\/images\/themes\/theme17\/bg.gif","profile_background_image_url_https":"https:\/\/si0.twimg.com\/images\/themes\/theme17\/bg.gif","follow_request_sent":null,"url":"http:\/\/shayrayuni.blogspot.com\/","utc_offset":36000,"time_zone":"Melbourne","notifications":null,"profile_use_background_image":true,"friends_count":84,"profile_sidebar_fill_color":"E6F6F9","screen_name":"shayrayuni","id_str":"236299370","profile_image_url":"http:\/\/a0.twimg.com\/profile_images\/1915399131\/336418026_normal.jpg","show_all_inline_media":true,"is_translator":false,"listed_count":2},"coordinates":{"type":"Point","coordinates":[144.97361183,-37.86767146]}}
{"text":"walk by the beach with friends :) (@ St Kilda Beach) http:\/\/t.co\/i1P0b88r","contributors":null,"geo":{"type":"Point","coordinates":[-37.86767146,144.97361183]},"retweeted":false,"in_reply_to_screen_name":null,"possibly_sensitive":false,"truncated":false,"entities":{"urls":[{"expanded_url":"http:\/\/4sq.com\/H1LKLa","indices":[53,73],"display_url":"4sq.com\/H1LKLa","url":"http:\/\/t.co\/i1P0b88r"}],"hashtags":[],"user_mentions":[]},"in_reply_to_status_id_str":null,"id":185728366484267009,"in_reply_to_user_id_str":null,"source":"<a href=\"http:\/\/foursquare.com\" rel=\"nofollow\">foursquare<\/a>","favorited":false,"in_reply_to_status_id":null,"in_reply_to_user_id":null,"retweet_count":0,"created_at":"Fri Mar 30 14:01:07 +0000 2012","possibly_sensitive_editable":true,"id_str":"185728366484267009","place":null,"user":{"location":null,"default_profile":true,"statuses_count":116,"profile_background_tile":false,"lang":"en","profile_link_color":"0084B4","id":354271055,"following":null,"favourites_count":0,"protected":false,"profile_text_color":"333333","contributors_enabled":false,"description":null,"verified":false,"name":"Rauf ","profile_sidebar_border_color":"C0DEED","profile_background_color":"C0DEED","created_at":"Sat Aug 13 12:39:56 +0000 2011","default_profile_image":false,"followers_count":12,"profile_image_url_https":"https:\/\/si0.twimg.com\/profile_images\/1493078421\/image_normal.jpg","geo_enabled":true,"profile_background_image_url":"http:\/\/a0.twimg.com\/images\/themes\/theme1\/bg.png","profile_background_image_url_https":"https:\/\/si0.twimg.com\/images\/themes\/theme1\/bg.png","follow_request_sent":null,"url":null,"utc_offset":null,"time_zone":null,"notifications":null,"profile_use_background_image":true,"friends_count":18,"profile_sidebar_fill_color":"DDEEF6","screen_name":"maselfloveme","id_str":"354271055","profile_image_url":"http:\/\/a0.twimg.com\/profile_images\/1493078421\/image_normal.jpg","show_all_inline_media":false,"is_translator":false,"listed_count":0},"coordinates":{"type":"Point","coordinates":[144.97361183,-37.86767146]}}
{"text":"Checking out the Ironman Expo (@ St Kilda Beach w\/ 2 others) http:\/\/t.co\/OdfU3l9k","contributors":null,"geo":{"type":"Point","coordinates":[-37.86767146,144.97361183]},"retweeted":false,"in_reply_to_screen_name":null,"possibly_sensitive":false,"truncated":false,"entities":{"urls":[{"expanded_url":"http:\/\/4sq.com\/GOurwu","indices":[61,81],"display_url":"4sq.com\/GOurwu","url":"http:\/\/t.co\/OdfU3l9k"}],"hashtags":[],"user_mentions":[]},"in_reply_to_status_id_str":null,"id":183717340897214465,"in_reply_to_user_id_str":null,"source":"<a href=\"http:\/\/foursquare.com\" rel=\"nofollow\">foursquare<\/a>","favorited":false,"in_reply_to_status_id":null,"created_at":"Sun Mar 25 00:50:02 +0000 2012","retweet_count":0,"in_reply_to_user_id":null,"possibly_sensitive_editable":true,"id_str":"183717340897214465","place":null,"user":{"location":"St. Kilda, Victoria, Australia","default_profile":false,"statuses_count":6575,"profile_background_tile":false,"lang":"en","profile_link_color":"0000ff","id":6432582,"following":null,"favourites_count":8,"protected":false,"profile_text_color":"000000","verified":false,"contributors_enabled":false,"description":"Eternal student of life. Awesome Calgary Trustee. Social media junkee. Culture hound.","profile_sidebar_border_color":"87bc44","name":"Janet Clarke Bell","profile_background_color":"9ae4e8","created_at":"Wed May 30 04:29:19 +0000 2007","default_profile_image":false,"followers_count":940,"geo_enabled":true,"profile_image_url_https":"https:\/\/si0.twimg.com\/profile_images\/1637093131\/JanetatMt.RanierIMG_0530_normal.jpg","profile_background_image_url":"http:\/\/a0.twimg.com\/images\/themes\/theme1\/bg.png","profile_background_image_url_https":"https:\/\/si0.twimg.com\/images\/themes\/theme1\/bg.png","follow_request_sent":null,"url":null,"utc_offset":-25200,"time_zone":"Mountain Time (US & Canada)","notifications":null,"profile_use_background_image":true,"friends_count":668,"profile_sidebar_fill_color":"e0ff92","screen_name":"jclarkebell","id_str":"6432582","show_all_inline_media":true,"profile_image_url":"http:\/\/a0.twimg.com\/profile_images\/1637093131\/JanetatMt.RanierIMG_0530_normal.jpg","listed_count":41,"is_translator":false},"coordinates":{"type":"Point","coordinates":[144.97361183,-37.86767146]}}
{"text":"I'm at St Kilda Beach (St Kilda, VIC) http:\/\/t.co\/4k1q7Ye7","contributors":null,"geo":{"type":"Point","coordinates":[-37.86767146,144.97361183]},"retweeted":false,"in_reply_to_screen_name":null,"possibly_sensitive":false,"truncated":false,"entities":{"urls":[{"expanded_url":"http:\/\/4sq.com\/GOpULq","indices":[38,58],"display_url":"4sq.com\/GOpULq","url":"http:\/\/t.co\/4k1q7Ye7"}],"hashtags":[],"user_mentions":[]},"in_reply_to_status_id_str":null,"id":183848275542159361,"in_reply_to_user_id_str":null,"source":"<a href=\"http:\/\/foursquare.com\" rel=\"nofollow\">foursquare<\/a>","favorited":false,"in_reply_to_status_id":null,"created_at":"Sun Mar 25 09:30:19 +0000 2012","retweet_count":0,"in_reply_to_user_id":null,"possibly_sensitive_editable":true,"id_str":"183848275542159361","place":null,"user":{"location":"Kuwait, Melbourne","default_profile":true,"statuses_count":3144,"profile_background_tile":false,"lang":"en","profile_link_color":"0084B4","id":277949817,"following":null,"favourites_count":1,"protected":false,"profile_text_color":"333333","verified":false,"contributors_enabled":false,"description":"","profile_sidebar_border_color":"C0DEED","name":"NoorAlMasaud","profile_background_color":"C0DEED","created_at":"Wed Apr 06 09:13:18 +0000 2011","default_profile_image":false,"followers_count":80,"geo_enabled":true,"profile_image_url_https":"https:\/\/si0.twimg.com\/profile_images\/1533707567\/image_normal.jpg","profile_background_image_url":"http:\/\/a0.twimg.com\/images\/themes\/theme1\/bg.png","profile_background_image_url_https":"https:\/\/si0.twimg.com\/images\/themes\/theme1\/bg.png","follow_request_sent":null,"url":"http:\/\/ask.fm\/Nooralmasaud","utc_offset":null,"time_zone":null,"notifications":null,"profile_use_background_image":true,"friends_count":69,"profile_sidebar_fill_color":"DDEEF6","screen_name":"NoorAlmasaud","id_str":"277949817","show_all_inline_media":false,"profile_image_url":"http:\/\/a0.twimg.com\/profile_images\/1533707567\/image_normal.jpg","listed_count":0,"is_translator":false},"coordinates":{"type":"Point","coordinates":[144.97361183,-37.86767146]}}
{"text":"(@ St Kilda Beach) http:\/\/t.co\/STknYQcF","contributors":null,"geo":{"type":"Point","coordinates":[-37.86551,144.9747]},"retweeted":false,"in_reply_to_screen_name":null,"possibly_sensitive":false,"truncated":false,"entities":{"urls":[{"expanded_url":"http:\/\/ow.ly\/1JaoKJ","indices":[19,39],"display_url":"ow.ly\/1JaoKJ","url":"http:\/\/t.co\/STknYQcF"}],"hashtags":[],"user_mentions":[]},"in_reply_to_status_id_str":null,"id":183744470188167168,"in_reply_to_user_id_str":null,"source":"<a href=\"http:\/\/www.hootsuite.com\" rel=\"nofollow\">HootSuite<\/a>","favorited":false,"in_reply_to_status_id":null,"created_at":"Sun Mar 25 02:37:50 +0000 2012","retweet_count":0,"in_reply_to_user_id":null,"possibly_sensitive_editable":true,"id_str":"183744470188167168","place":null,"user":{"location":"Arlington Heights, IL","default_profile":true,"statuses_count":2267,"profile_background_tile":false,"lang":"en","profile_link_color":"0084B4","id":135170055,"following":null,"favourites_count":0,"protected":false,"profile_text_color":"333333","verified":false,"contributors_enabled":false,"description":"IBM Lotus Domino developer, administrator, instructor, speaker living in Chicagoland. Loves Tuscany.","profile_sidebar_border_color":"C0DEED","name":"Russell Maher","profile_background_color":"C0DEED","created_at":"Tue Apr 20 14:43:59 +0000 2010","default_profile_image":false,"followers_count":230,"geo_enabled":true,"profile_image_url_https":"https:\/\/si0.twimg.com\/profile_images\/1239785417\/Russ_Maher_normal.png","profile_background_image_url":"http:\/\/a0.twimg.com\/images\/themes\/theme1\/bg.png","profile_background_image_url_https":"https:\/\/si0.twimg.com\/images\/themes\/theme1\/bg.png","follow_request_sent":null,"url":"http:\/\/www.rgmconsulting.com","utc_offset":-21600,"time_zone":"Central Time (US & Canada)","notifications":null,"profile_use_background_image":true,"friends_count":316,"profile_sidebar_fill_color":"DDEEF6","screen_name":"RussellMaher","id_str":"135170055","show_all_inline_media":false,"profile_image_url":"http:\/\/a0.twimg.com\/profile_images\/1239785417\/Russ_Maher_normal.png","listed_count":16,"is_translator":false},"coordinates":{"type":"Point","coordinates":[144.9747,-37.86551]}}
{"text":"I'm at St Kilda Beach (St Kilda, VIC) http:\/\/t.co\/RIOjYkjC","contributors":null,"geo":{"type":"Point","coordinates":[-37.86767146,144.97361183]},"retweeted":false,"in_reply_to_screen_name":null,"possibly_sensitive":false,"truncated":false,"entities":{"urls":[{"expanded_url":"http:\/\/4sq.com\/HgxFgO","indices":[38,58],"display_url":"4sq.com\/HgxFgO","url":"http:\/\/t.co\/RIOjYkjC"}],"hashtags":[],"user_mentions":[]},"in_reply_to_status_id_str":null,"id":187748193176535043,"in_reply_to_user_id_str":null,"source":"<a href=\"http:\/\/foursquare.com\" rel=\"nofollow\">foursquare<\/a>","favorited":false,"in_reply_to_status_id":null,"created_at":"Thu Apr 05 03:47:12 +0000 2012","in_reply_to_user_id":null,"retweet_count":0,"possibly_sensitive_editable":true,"id_str":"187748193176535043","place":null,"user":{"location":"Bogot\u00e1","default_profile":false,"statuses_count":1592,"profile_background_tile":true,"lang":"es","profile_link_color":"0099cc","id":149911239,"following":null,"favourites_count":15,"protected":false,"profile_text_color":"141214","contributors_enabled":false,"description":"","verified":false,"name":"Alma Mari\u00f1o","profile_sidebar_border_color":"733f15","profile_background_color":"ebd82c","created_at":"Sun May 30 15:08:50 +0000 2010","default_profile_image":false,"followers_count":62,"geo_enabled":true,"profile_image_url_https":"https:\/\/si0.twimg.com\/profile_images\/1733492628\/337292_10150360065534703_555539702_9947737_649514_o_normal.jpg","profile_background_image_url":"http:\/\/a0.twimg.com\/profile_background_images\/261540775\/paul_smith_wall_Marco_sandor.jpg","profile_background_image_url_https":"https:\/\/si0.twimg.com\/profile_background_images\/261540775\/paul_smith_wall_Marco_sandor.jpg","follow_request_sent":null,"url":null,"utc_offset":-18000,"time_zone":"Bogota","notifications":null,"profile_use_background_image":true,"friends_count":178,"profile_sidebar_fill_color":"deb87e","screen_name":"almarino26","id_str":"149911239","profile_image_url":"http:\/\/a0.twimg.com\/profile_images\/1733492628\/337292_10150360065534703_555539702_9947737_649514_o_normal.jpg","show_all_inline_media":false,"listed_count":0,"is_translator":false},"coordinates":{"type":"Point","coordinates":[144.97361183,-37.86767146]}}
{"text":"Chillin' with the swans. (@ St Kilda Beach w\/ 4 others) http:\/\/t.co\/bwyw3pKG","contributors":null,"geo":{"type":"Point","coordinates":[-37.86767146,144.97361183]},"retweeted":false,"in_reply_to_screen_name":null,"possibly_sensitive":false,"truncated":false,"entities":{"urls":[{"expanded_url":"http:\/\/4sq.com\/HfdsJg","indices":[56,76],"display_url":"4sq.com\/HfdsJg","url":"http:\/\/t.co\/bwyw3pKG"}],"hashtags":[],"user_mentions":[]},"in_reply_to_status_id_str":null,"id":187797566233133056,"in_reply_to_user_id_str":null,"source":"<a href=\"http:\/\/foursquare.com\" rel=\"nofollow\">foursquare<\/a>","favorited":false,"in_reply_to_status_id":null,"created_at":"Thu Apr 05 07:03:23 +0000 2012","in_reply_to_user_id":null,"retweet_count":0,"possibly_sensitive_editable":true,"id_str":"187797566233133056","place":null,"user":{"location":"","default_profile":false,"statuses_count":5410,"profile_background_tile":false,"lang":"en","profile_link_color":"0084B4","id":35732013,"following":null,"favourites_count":34,"protected":false,"profile_text_color":"333333","contributors_enabled":false,"description":"sometimes I wonder how I cope without @rangison.","verified":false,"name":"Jeanette Pham","profile_sidebar_border_color":"ffffff","profile_background_color":"ffffff","created_at":"Mon Apr 27 12:45:17 +0000 2009","default_profile_image":false,"followers_count":67,"geo_enabled":true,"profile_image_url_https":"https:\/\/si0.twimg.com\/profile_images\/1839620852\/DSC_0050_normal.JPG","profile_background_image_url":"http:\/\/a0.twimg.com\/images\/themes\/theme1\/bg.png","profile_background_image_url_https":"https:\/\/si0.twimg.com\/images\/themes\/theme1\/bg.png","follow_request_sent":null,"url":null,"utc_offset":36000,"time_zone":"Melbourne","notifications":null,"profile_use_background_image":false,"friends_count":59,"profile_sidebar_fill_color":"ffffff","screen_name":"jnttphm","id_str":"35732013","profile_image_url":"http:\/\/a0.twimg.com\/profile_images\/1839620852\/DSC_0050_normal.JPG","show_all_inline_media":true,"listed_count":6,"is_translator":false},"coordinates":{"type":"Point","coordinates":[144.97361183,-37.86767146]}}
{"text":"I'm at St Kilda Beach (St Kilda, VIC) http:\/\/t.co\/qATDallf","contributors":null,"geo":{"type":"Point","coordinates":[-37.86767146,144.97361183]},"retweeted":false,"in_reply_to_screen_name":null,"possibly_sensitive":false,"truncated":false,"entities":{"urls":[{"expanded_url":"http:\/\/4sq.com\/HYhntK","indices":[38,58],"display_url":"4sq.com\/HYhntK","url":"http:\/\/t.co\/qATDallf"}],"hashtags":[],"user_mentions":[]},"in_reply_to_status_id_str":null,"id":187763677414428673,"in_reply_to_user_id_str":null,"source":"<a href=\"http:\/\/foursquare.com\" rel=\"nofollow\">foursquare<\/a>","favorited":false,"in_reply_to_status_id":null,"created_at":"Thu Apr 05 04:48:43 +0000 2012","in_reply_to_user_id":null,"retweet_count":0,"possibly_sensitive_editable":true,"id_str":"187763677414428673","place":null,"user":{"location":"Sydney, Australia","default_profile":true,"statuses_count":1224,"profile_background_tile":false,"lang":"en","profile_link_color":"0084B4","id":388257210,"following":null,"favourites_count":0,"protected":false,"profile_text_color":"333333","contributors_enabled":false,"description":"The pinch...you wont regret","verified":false,"name":"Ben Pinchy Bates","profile_sidebar_border_color":"C0DEED","profile_background_color":"C0DEED","created_at":"Mon Oct 10 13:10:38 +0000 2011","default_profile_image":false,"followers_count":87,"geo_enabled":true,"profile_image_url_https":"https:\/\/si0.twimg.com\/profile_images\/1838101557\/image_normal.jpg","profile_background_image_url":"http:\/\/a0.twimg.com\/images\/themes\/theme1\/bg.png","profile_background_image_url_https":"https:\/\/si0.twimg.com\/images\/themes\/theme1\/bg.png","follow_request_sent":null,"url":null,"utc_offset":null,"time_zone":null,"notifications":null,"profile_use_background_image":true,"friends_count":504,"profile_sidebar_fill_color":"DDEEF6","screen_name":"pinchy_pinch","id_str":"388257210","profile_image_url":"http:\/\/a0.twimg.com\/profile_images\/1838101557\/image_normal.jpg","show_all_inline_media":false,"listed_count":0,"is_translator":false},"coordinates":{"type":"Point","coordinates":[144.97361183,-37.86767146]}}
{"text":"I'm at St Kilda Beach (St Kilda, VIC) http:\/\/t.co\/5uByEcMI","contributors":null,"geo":{"type":"Point","coordinates":[-37.86767146,144.97361183]},"retweeted":false,"in_reply_to_screen_name":null,"possibly_sensitive":false,"truncated":false,"entities":{"urls":[{"expanded_url":"http:\/\/4sq.com\/HGvYsO","indices":[38,58],"display_url":"4sq.com\/HGvYsO","url":"http:\/\/t.co\/5uByEcMI"}],"hashtags":[],"user_mentions":[]},"in_reply_to_status_id_str":null,"id":189999993187344384,"in_reply_to_user_id_str":null,"source":"<a href=\"http:\/\/foursquare.com\" rel=\"nofollow\">foursquare<\/a>","favorited":false,"in_reply_to_status_id":null,"created_at":"Wed Apr 11 08:55:03 +0000 2012","in_reply_to_user_id":null,"retweet_count":0,"possibly_sensitive_editable":true,"id_str":"189999993187344384","place":null,"user":{"location":"\u00dcT: -32.9045765,151.6696194","default_profile":false,"statuses_count":4464,"profile_background_tile":true,"lang":"en","profile_link_color":"b35400","id":63108812,"following":null,"protected":false,"favourites_count":6,"profile_text_color":"000000","description":"My manhood is big. I hope we can be more than friends. :)","contributors_enabled":false,"verified":false,"name":"Victor Wolfe","profile_sidebar_border_color":"000000","profile_background_color":"C0DEED","created_at":"Wed Aug 05 11:44:54 +0000 2009","default_profile_image":false,"followers_count":102,"geo_enabled":true,"profile_image_url_https":"https:\/\/si0.twimg.com\/profile_images\/1810752969\/381422_10150549070490535_172564000534_10974047_1029340886_n_normal.jpg","profile_background_image_url":"http:\/\/a0.twimg.com\/profile_background_images\/43052450\/ultrahd00097__1_.jpg","profile_background_image_url_https":"https:\/\/si0.twimg.com\/profile_background_images\/43052450\/ultrahd00097__1_.jpg","follow_request_sent":null,"url":"http:\/\/peruvianketchup.blogspot.com","utc_offset":28800,"time_zone":"Kuala Lumpur","notifications":null,"profile_use_background_image":true,"friends_count":157,"profile_sidebar_fill_color":"f0cb9e","screen_name":"vicwolfe","id_str":"63108812","profile_image_url":"http:\/\/a0.twimg.com\/profile_images\/1810752969\/381422_10150549070490535_172564000534_10974047_1029340886_n_normal.jpg","show_all_inline_media":false,"listed_count":2,"is_translator":false},"coordinates":{"type":"Point","coordinates":[144.97361183,-37.86767146]}}
{"text":"I'm at St Kilda Beach (St Kilda, VIC) http:\/\/t.co\/tqn4GMh7","contributors":null,"geo":{"type":"Point","coordinates":[-37.86767146,144.97361183]},"retweeted":false,"in_reply_to_screen_name":null,"possibly_sensitive":false,"truncated":false,"entities":{"urls":[{"expanded_url":"http:\/\/4sq.com\/H7jEUu","indices":[38,58],"display_url":"4sq.com\/H7jEUu","url":"http:\/\/t.co\/tqn4GMh7"}],"hashtags":[],"user_mentions":[]},"in_reply_to_status_id_str":null,"id":186367743484903425,"in_reply_to_user_id_str":null,"source":"<a href=\"http:\/\/foursquare.com\" rel=\"nofollow\">foursquare<\/a>","favorited":false,"in_reply_to_status_id":null,"retweet_count":0,"in_reply_to_user_id":null,"created_at":"Sun Apr 01 08:21:47 +0000 2012","possibly_sensitive_editable":true,"id_str":"186367743484903425","place":null,"user":{"location":"Victoria, Australia","default_profile":false,"statuses_count":46445,"profile_background_tile":true,"lang":"en","profile_link_color":"009999","id":40100158,"following":null,"favourites_count":40,"protected":false,"profile_text_color":"333333","description":"\u2013noun [hugh, hue, hoo, yooh, hi-yooh, hi-yooh-ee, who-ee] \nSeventeen. Tech-head. Collingwood FC. Holden V8s. Photography. Travel & the Great Outdoors. Music.","contributors_enabled":false,"verified":false,"name":"Hieu Le","profile_sidebar_border_color":"eeeeee","profile_background_color":"131516","created_at":"Thu May 14 22:13:21 +0000 2009","default_profile_image":false,"followers_count":10153,"geo_enabled":true,"profile_image_url_https":"https:\/\/si0.twimg.com\/profile_images\/1972747731\/a1c1313c-1eec-4e82-9cba-966c2d0f644a_normal.png","profile_background_image_url":"http:\/\/a0.twimg.com\/profile_background_images\/386166133\/10.7-DP4-Galaxy1.jpg","profile_background_image_url_https":"https:\/\/si0.twimg.com\/profile_background_images\/386166133\/10.7-DP4-Galaxy1.jpg","follow_request_sent":null,"url":"http:\/\/hieu.com.au\/","utc_offset":36000,"time_zone":"Melbourne","notifications":null,"friends_count":421,"profile_use_background_image":true,"profile_sidebar_fill_color":"efefef","screen_name":"hieuiee","id_str":"40100158","profile_image_url":"http:\/\/a0.twimg.com\/profile_images\/1972747731\/a1c1313c-1eec-4e82-9cba-966c2d0f644a_normal.png","show_all_inline_media":false,"is_translator":false,"listed_count":301},"coordinates":{"type":"Point","coordinates":[144.97361183,-37.86767146]}}
{"text":"St Kilda Beach,Melbourne  @ St. Kilda Beach http:\/\/t.co\/aUnrhcbt","contributors":null,"geo":{"type":"Point","coordinates":[-37.86767146,144.97361183]},"retweeted":false,"in_reply_to_screen_name":null,"possibly_sensitive":false,"truncated":false,"entities":{"urls":[{"expanded_url":"http:\/\/instagr.am\/p\/I3m0o9pe_p\/","indices":[44,64],"display_url":"instagr.am\/p\/I3m0o9pe_p\/","url":"http:\/\/t.co\/aUnrhcbt"}],"hashtags":[],"user_mentions":[]},"in_reply_to_status_id_str":null,"id":186356276408745984,"in_reply_to_user_id_str":null,"source":"<a href=\"http:\/\/instagr.am\" rel=\"nofollow\">Instagram<\/a>","favorited":false,"in_reply_to_status_id":null,"retweet_count":0,"in_reply_to_user_id":null,"created_at":"Sun Apr 01 07:36:13 +0000 2012","possibly_sensitive_editable":true,"id_str":"186356276408745984","place":null,"user":{"location":"Maidstone","default_profile":false,"statuses_count":9017,"profile_background_tile":false,"lang":"en","profile_link_color":"1e2675","id":90978905,"following":null,"favourites_count":17,"protected":false,"profile_text_color":"2e112e","description":"BBC Radio Kent BA & stand in presenter.I also map flooding, a strange combination admittedly. These are my views on here, not my employers, so don't sack me!","contributors_enabled":false,"verified":false,"name":"Tim Addicott","profile_sidebar_border_color":"3ad144","profile_background_color":"91ba8e","created_at":"Wed Nov 18 22:54:01 +0000 2009","default_profile_image":false,"followers_count":306,"geo_enabled":true,"profile_image_url_https":"https:\/\/si0.twimg.com\/profile_images\/1901011625\/image_normal.jpg","profile_background_image_url":"http:\/\/a0.twimg.com\/profile_background_images\/166422891\/xde2ce2b7952bf4d87d8beb62cb2bfaa.jpg","profile_background_image_url_https":"https:\/\/si0.twimg.com\/profile_background_images\/166422891\/xde2ce2b7952bf4d87d8beb62cb2bfaa.jpg","follow_request_sent":null,"url":null,"utc_offset":0,"time_zone":"London","notifications":null,"friends_count":540,"profile_use_background_image":true,"profile_sidebar_fill_color":"f2e1f2","screen_name":"timaddicott","id_str":"90978905","profile_image_url":"http:\/\/a0.twimg.com\/profile_images\/1901011625\/image_normal.jpg","show_all_inline_media":false,"is_translator":false,"listed_count":4},"coordinates":{"type":"Point","coordinates":[144.97361183,-37.86767146]}}
{"text":"I'm at St Kilda Beach (St Kilda, VIC) w\/ 4 others http:\/\/t.co\/yKxz5Qr1","contributors":null,"geo":{"type":"Point","coordinates":[-37.86767146,144.97361183]},"retweeted":false,"in_reply_to_screen_name":null,"possibly_sensitive":false,"truncated":false,"entities":{"urls":[{"expanded_url":"http:\/\/4sq.com\/Ib6UWO","indices":[50,70],"display_url":"4sq.com\/Ib6UWO","url":"http:\/\/t.co\/yKxz5Qr1"}],"hashtags":[],"user_mentions":[]},"in_reply_to_status_id_str":null,"id":188140825966948353,"in_reply_to_user_id_str":null,"source":"<a href=\"http:\/\/foursquare.com\" rel=\"nofollow\">foursquare<\/a>","favorited":false,"in_reply_to_status_id":null,"retweet_count":0,"in_reply_to_user_id":null,"created_at":"Fri Apr 06 05:47:23 +0000 2012","possibly_sensitive_editable":true,"id_str":"188140825966948353","place":null,"user":{"location":"\u00dcT: 2.100973,99.82615","default_profile":false,"statuses_count":5942,"profile_background_tile":true,"lang":"en","profile_link_color":"CC3366","id":94556389,"following":null,"protected":false,"favourites_count":0,"profile_text_color":"69484e","contributors_enabled":false,"description":"a super boring girl","verified":false,"name":"lidyati omesa","profile_sidebar_border_color":"a87584","profile_background_color":"ffffff","created_at":"Fri Dec 04 13:16:53 +0000 2009","default_profile_image":false,"followers_count":194,"geo_enabled":true,"profile_image_url_https":"https:\/\/si0.twimg.com\/profile_images\/2010096249\/lidyatiomesa_normal.jpg","profile_background_image_url":"http:\/\/a0.twimg.com\/profile_background_images\/265708691\/115608-magic-marker-icon-natural-wonders-flower4_copy.jpg","profile_background_image_url_https":"https:\/\/si0.twimg.com\/profile_background_images\/265708691\/115608-magic-marker-icon-natural-wonders-flower4_copy.jpg","follow_request_sent":null,"url":"http:\/\/facebook.com\/lidyatiomesa","utc_offset":36000,"time_zone":"Melbourne","notifications":null,"friends_count":148,"profile_use_background_image":false,"profile_sidebar_fill_color":"F6D3D7","screen_name":"lidyatiomesa","id_str":"94556389","profile_image_url":"http:\/\/a0.twimg.com\/profile_images\/2010096249\/lidyatiomesa_normal.jpg","show_all_inline_media":false,"listed_count":3,"is_translator":false},"coordinates":{"type":"Point","coordinates":[144.97361183,-37.86767146]}}
{"text":"I'm at St Kilda Beach (St Kilda, VIC) http:\/\/t.co\/yumVYwAF","contributors":null,"geo":{"type":"Point","coordinates":[-37.86767146,144.97361183]},"retweeted":false,"in_reply_to_screen_name":null,"possibly_sensitive":false,"truncated":false,"entities":{"urls":[{"expanded_url":"http:\/\/4sq.com\/HMmgSn","indices":[38,58],"display_url":"4sq.com\/HMmgSn","url":"http:\/\/t.co\/yumVYwAF"}],"hashtags":[],"user_mentions":[]},"in_reply_to_status_id_str":null,"id":192520866104483841,"source":"<a href=\"http:\/\/foursquare.com\" rel=\"nofollow\">foursquare<\/a>","in_reply_to_user_id_str":null,"favorited":false,"in_reply_to_status_id":null,"in_reply_to_user_id":null,"retweet_count":0,"created_at":"Wed Apr 18 07:52:06 +0000 2012","possibly_sensitive_editable":true,"id_str":"192520866104483841","place":null,"user":{"location":"Adelaide Sky, SA \u2661 ","default_profile":false,"profile_background_tile":true,"statuses_count":31224,"lang":"en","profile_link_color":"e637e6","id":87978006,"following":null,"protected":false,"favourites_count":14,"profile_text_color":"3D1957","verified":false,"description":"\u2665 Full time dreamer\n\u2665 Part time procrastinator","contributors_enabled":false,"name":"Nur Hidayah MA","profile_sidebar_border_color":"65B0DA","profile_background_color":"642D8B","created_at":"Fri Nov 06 16:38:26 +0000 2009","default_profile_image":false,"followers_count":344,"profile_image_url_https":"https:\/\/si0.twimg.com\/profile_images\/2141989740\/337989688_normal.jpg","geo_enabled":true,"profile_background_image_url":"http:\/\/a0.twimg.com\/profile_background_images\/521333547\/6739-300x300.jpg","profile_background_image_url_https":"https:\/\/si0.twimg.com\/profile_background_images\/521333547\/6739-300x300.jpg","follow_request_sent":null,"url":"http:\/\/hidayahthelast.tumblr.com","utc_offset":34200,"time_zone":"Adelaide","notifications":null,"friends_count":230,"profile_use_background_image":true,"profile_sidebar_fill_color":"7AC3EE","screen_name":"dyadaia","id_str":"87978006","show_all_inline_media":false,"profile_image_url":"http:\/\/a0.twimg.com\/profile_images\/2141989740\/337989688_normal.jpg","listed_count":4,"is_translator":false},"coordinates":{"type":"Point","coordinates":[144.97361183,-37.86767146]}}
{"text":"\uc9d1\uc55e\uc5d0 \ubc14\ub2e4\uac00 \uc788\ub2e4\ub294\uac74 \uc88b\uc740 \uc77c\uc774\uc57c.. Good to have beach near by home :) (at St Kilda Beach) [pic] \u2014 http:\/\/t.co\/nYwfKpNx","contributors":null,"geo":{"type":"Point","coordinates":[-37.86767146,144.97361183]},"retweeted":false,"in_reply_to_screen_name":null,"possibly_sensitive":false,"truncated":false,"entities":{"urls":[{"expanded_url":"http:\/\/path.com\/p\/2tfg9p","indices":[85,105],"display_url":"path.com\/p\/2tfg9p","url":"http:\/\/t.co\/nYwfKpNx"}],"hashtags":[],"user_mentions":[]},"in_reply_to_status_id_str":null,"id":188814790200799233,"in_reply_to_user_id_str":null,"source":"<a href=\"http:\/\/path.com\/\" rel=\"nofollow\">Path 2.0<\/a>","favorited":false,"in_reply_to_status_id":null,"created_at":"Sun Apr 08 02:25:28 +0000 2012","retweet_count":0,"in_reply_to_user_id":null,"possibly_sensitive_editable":true,"id_str":"188814790200799233","place":null,"user":{"location":"","default_profile":true,"profile_background_tile":false,"statuses_count":8906,"lang":"en","profile_link_color":"0084B4","id":107350663,"following":null,"favourites_count":77,"protected":false,"profile_text_color":"333333","description":"\uc0ac\uacfc\uc18c\ub140. \uae30\ub9b0\uceec\ub809\ud130. \uace0\uc591\uc774 \uaf3c\uc9c0.","contributors_enabled":false,"verified":false,"profile_sidebar_border_color":"C0DEED","name":"Melody","profile_background_color":"C0DEED","created_at":"Fri Jan 22 08:21:26 +0000 2010","default_profile_image":false,"followers_count":461,"profile_image_url_https":"https:\/\/si0.twimg.com\/profile_images\/1723687829\/image_normal.jpg","geo_enabled":true,"profile_background_image_url":"http:\/\/a0.twimg.com\/images\/themes\/theme1\/bg.png","profile_background_image_url_https":"https:\/\/si0.twimg.com\/images\/themes\/theme1\/bg.png","follow_request_sent":null,"url":null,"utc_offset":null,"time_zone":null,"notifications":null,"friends_count":532,"profile_use_background_image":true,"profile_sidebar_fill_color":"DDEEF6","screen_name":"Melody_SjMoon","id_str":"107350663","show_all_inline_media":false,"profile_image_url":"http:\/\/a0.twimg.com\/profile_images\/1723687829\/image_normal.jpg","listed_count":21,"is_translator":false},"coordinates":{"type":"Point","coordinates":[144.97361183,-37.86767146]}}
{"geo":{"coordinates":"GeoLocation{latitude=-37.82055556, longitude=144.96888889}","type":"point"},"CreatedAt":"Thu Apr 19 16:50:50 AEST 2018","text":"T minus 1 day! #Thailand #KoPhiPhIsland✈️ @lyn_0209 @ St Kilda Road,\u2026 https://t.co/ApvD4jo3Rn"}
{"text":"Sunset St Kilda beach   @ Catani Gardens http:\/\/t.co\/G8FbtY7e","contributors":null,"geo":{"type":"Point","coordinates":[-37.86154748,144.97201222]},"retweeted":false,"in_reply_to_screen_name":null,"possibly_sensitive":false,"truncated":false,"entities":{"urls":[{"expanded_url":"http:\/\/instagr.am\/p\/JB8sj7uRgn\/","indices":[41,61],"display_url":"instagr.am\/p\/JB8sj7uRgn\/","url":"http:\/\/t.co\/G8FbtY7e"}],"hashtags":[],"user_mentions":[]},"in_reply_to_status_id_str":null,"id":187811756641484800,"in_reply_to_user_id_str":null,"source":"<a href=\"http:\/\/instagr.am\" rel=\"nofollow\">Instagram<\/a>","favorited":false,"in_reply_to_status_id":null,"created_at":"Thu Apr 05 07:59:46 +0000 2012","in_reply_to_user_id":null,"retweet_count":0,"possibly_sensitive_editable":true,"id_str":"187811756641484800","place":null,"user":{"location":"Melbourne Australia","default_profile":false,"statuses_count":27169,"profile_background_tile":true,"lang":"en","profile_link_color":"038543","id":33847447,"following":null,"favourites_count":484,"protected":false,"profile_text_color":"333333","contributors_enabled":false,"description":"Lots of talking, lots of doing.. Swimming, events, cocktails, making fun cakes. I cooked a Heston Blumenthal dish (once).  Pass me my wine please... ","verified":false,"name":"Jane Mills","profile_sidebar_border_color":"EEEEEE","profile_background_color":"ACDED6","created_at":"Tue Apr 21 08:01:32 +0000 2009","default_profile_image":false,"followers_count":1553,"geo_enabled":true,"profile_image_url_https":"https:\/\/si0.twimg.com\/profile_images\/1570531478\/56294d56-7793-489e-8e10-a37faccd38f8_normal.JPG","profile_background_image_url":"http:\/\/a0.twimg.com\/profile_background_images\/209039344\/146.JPG","profile_background_image_url_https":"https:\/\/si0.twimg.com\/profile_background_images\/209039344\/146.JPG","follow_request_sent":null,"url":"http:\/\/whatjanesaysandblogs.blogspot.com\/","utc_offset":36000,"time_zone":"Melbourne","notifications":null,"profile_use_background_image":true,"friends_count":1134,"profile_sidebar_fill_color":"F6F6F6","screen_name":"whatjanesays","id_str":"33847447","profile_image_url":"http:\/\/a0.twimg.com\/profile_images\/1570531478\/56294d56-7793-489e-8e10-a37faccd38f8_normal.JPG","show_all_inline_media":true,"listed_count":78,"is_translator":false},"coordinates":{"type":"Point","coordinates":[144.97201222,-37.86154748]}}
{"text":"St Kilda beach! http:\/\/t.co\/JH2bi1cp","contributors":null,"geo":{"type":"Point","coordinates":[-37.8695683,144.9771929]},"retweeted":false,"in_reply_to_screen_name":null,"possibly_sensitive":false,"truncated":false,"entities":{"urls":[],"hashtags":[],"media":[{"sizes":{"small":{"w":340,"resize":"fit","h":255},"thumb":{"w":150,"resize":"crop","h":150},"large":{"w":1024,"resize":"fit","h":768},"medium":{"w":600,"resize":"fit","h":450}},"id":189949061946802176,"media_url_https":"https:\/\/p.twimg.com\/AqLVqlrCAAAAQQ3.jpg","media_url":"http:\/\/p.twimg.com\/AqLVqlrCAAAAQQ3.jpg","expanded_url":"http:\/\/twitter.com\/_HOANGIIE_\/status\/189949061942607873\/photo\/1","indices":[16,36],"id_str":"189949061946802176","display_url":"pic.twitter.com\/JH2bi1cp","type":"photo","url":"http:\/\/t.co\/JH2bi1cp"}],"user_mentions":[]},"in_reply_to_status_id_str":null,"id":189949061942607873,"in_reply_to_user_id_str":null,"source":"<a href=\"http:\/\/twitter.com\/download\/android\" rel=\"nofollow\">Twitter for Android<\/a>","favorited":false,"in_reply_to_status_id":null,"created_at":"Wed Apr 11 05:32:42 +0000 2012","in_reply_to_user_id":null,"retweet_count":0,"possibly_sensitive_editable":true,"id_str":"189949061942607873","place":null,"user":{"location":"Australia","default_profile":true,"statuses_count":949,"profile_background_tile":false,"lang":"en","profile_link_color":"0084B4","id":293967104,"following":null,"protected":false,"favourites_count":4,"profile_text_color":"333333","description":"CARPE DIEM & VENI, VIDI, VICI\r\n ","contributors_enabled":false,"verified":false,"name":"Hoang (Ronnie)","profile_sidebar_border_color":"C0DEED","profile_background_color":"C0DEED","created_at":"Fri May 06 09:03:56 +0000 2011","default_profile_image":false,"followers_count":38,"geo_enabled":true,"profile_image_url_https":"https:\/\/si0.twimg.com\/profile_images\/1883160479\/226766_10150252171611071_526316070_9327720_1857489_n_normal.jpg","profile_background_image_url":"http:\/\/a0.twimg.com\/images\/themes\/theme1\/bg.png","profile_background_image_url_https":"https:\/\/si0.twimg.com\/images\/themes\/theme1\/bg.png","follow_request_sent":null,"url":null,"utc_offset":36000,"time_zone":"Melbourne","notifications":null,"profile_use_background_image":true,"friends_count":74,"profile_sidebar_fill_color":"DDEEF6","screen_name":"_HOANGIIE_","id_str":"293967104","profile_image_url":"http:\/\/a0.twimg.com\/profile_images\/1883160479\/226766_10150252171611071_526316070_9327720_1857489_n_normal.jpg","show_all_inline_media":false,"listed_count":0,"is_translator":false},"coordinates":{"type":"Point","coordinates":[144.9771929,-37.8695683]}}
{"text":"#senja di st kilda beach buat mbah @sudjiwotedjo http:\/\/t.co\/InpmmWl6","contributors":null,"geo":{"type":"Point","coordinates":[-37.70858159,144.96171057]},"retweeted":false,"in_reply_to_screen_name":null,"possibly_sensitive":false,"truncated":false,"entities":{"urls":[],"hashtags":[{"text":"senja","indices":[0,6]}],"media":[{"sizes":{"small":{"w":340,"h":226,"resize":"fit"},"thumb":{"w":150,"h":150,"resize":"crop"},"large":{"w":1024,"h":681,"resize":"fit"},"medium":{"w":600,"h":399,"resize":"fit"}},"id":192838999910514688,"media_url_https":"https:\/\/p.twimg.com\/Aq0aDHiCAAAHmxq.jpg","media_url":"http:\/\/p.twimg.com\/Aq0aDHiCAAAHmxq.jpg","expanded_url":"http:\/\/twitter.com\/antoabubakar\/status\/192838999906320384\/photo\/1","indices":[49,69],"id_str":"192838999910514688","display_url":"pic.twitter.com\/InpmmWl6","type":"photo","url":"http:\/\/t.co\/InpmmWl6"}],"user_mentions":[{"id":186801139,"name":"Lakone #DewaRuci","indices":[35,48],"screen_name":"sudjiwotedjo","id_str":"186801139"}]},"in_reply_to_status_id_str":null,"id":192838999906320384,"in_reply_to_user_id_str":null,"source":"<a href=\"http:\/\/twitter.com\/#!\/download\/iphone\" rel=\"nofollow\">Twitter for iPhone<\/a>","favorited":false,"in_reply_to_status_id":null,"created_at":"Thu Apr 19 04:56:15 +0000 2012","retweet_count":0,"in_reply_to_user_id":null,"possibly_sensitive_editable":true,"id_str":"192838999906320384","place":null,"user":{"location":"melbourne, australia","default_profile":false,"profile_background_tile":false,"statuses_count":830,"lang":"en","profile_link_color":"1F98C7","id":74403887,"following":null,"protected":false,"favourites_count":75,"profile_text_color":"663B12","contributors_enabled":false,"verified":false,"description":"","name":"abubakar ar","profile_sidebar_border_color":"C6E2EE","profile_background_color":"C6E2EE","created_at":"Tue Sep 15 08:56:44 +0000 2009","default_profile_image":false,"followers_count":68,"profile_image_url_https":"https:\/\/si0.twimg.com\/profile_images\/1786454285\/image_normal.jpg","geo_enabled":true,"profile_background_image_url":"http:\/\/a0.twimg.com\/images\/themes\/theme2\/bg.gif","profile_background_image_url_https":"https:\/\/si0.twimg.com\/images\/themes\/theme2\/bg.gif","follow_request_sent":null,"url":"http:\/\/www.abubakarabdurrahman.blogspot.com","utc_offset":25200,"time_zone":"Jakarta","notifications":null,"friends_count":347,"profile_use_background_image":true,"profile_sidebar_fill_color":"DAECF4","screen_name":"antoabubakar","id_str":"74403887","profile_image_url":"http:\/\/a0.twimg.com\/profile_images\/1786454285\/image_normal.jpg","show_all_inline_media":false,"listed_count":0,"is_translator":false},"coordinates":{"type":"Point","coordinates":[144.96171057,-37.70858159]}}
{"text":"St Kilda Beach,Melbourne  @ St. Kilda Beach http:\/\/t.co\/aUnrhcbt","contributors":null,"geo":{"type":"Point","coordinates":[-37.86767146,144.97361183]},"retweeted":false,"in_reply_to_screen_name":null,"possibly_sensitive":false,"truncated":false,"entities":{"urls":[{"expanded_url":"http:\/\/instagr.am\/p\/I3m0o9pe_p\/","indices":[44,64],"display_url":"instagr.am\/p\/I3m0o9pe_p\/","url":"http:\/\/t.co\/aUnrhcbt"}],"hashtags":[],"user_mentions":[]},"in_reply_to_status_id_str":null,"id":186356276408745984,"in_reply_to_user_id_str":null,"source":"<a href=\"http:\/\/instagr.am\" rel=\"nofollow\">Instagram<\/a>","favorited":false,"in_reply_to_status_id":null,"retweet_count":0,"in_reply_to_user_id":null,"created_at":"Sun Apr 01 07:36:13 +0000 2012","possibly_sensitive_editable":true,"id_str":"186356276408745984","place":null,"user":{"location":"Maidstone","default_profile":false,"statuses_count":9017,"profile_background_tile":false,"lang":"en","profile_link_color":"1e2675","id":90978905,"following":null,"favourites_count":17,"protected":false,"profile_text_color":"2e112e","description":"BBC Radio Kent BA & stand in presenter.I also map flooding, a strange combination admittedly. These are my views on here, not my employers, so don't sack me!","contributors_enabled":false,"verified":false,"name":"Tim Addicott","profile_sidebar_border_color":"3ad144","profile_background_color":"91ba8e","created_at":"Wed Nov 18 22:54:01 +0000 2009","default_profile_image":false,"followers_count":306,"geo_enabled":true,"profile_image_url_https":"https:\/\/si0.twimg.com\/profile_images\/1901011625\/image_normal.jpg","profile_background_image_url":"http:\/\/a0.twimg.com\/profile_background_images\/166422891\/xde2ce2b7952bf4d87d8beb62cb2bfaa.jpg","profile_background_image_url_https":"https:\/\/si0.twimg.com\/profile_background_images\/166422891\/xde2ce2b7952bf4d87d8beb62cb2bfaa.jpg","follow_request_sent":null,"url":null,"utc_offset":0,"time_zone":"London","notifications":null,"friends_count":540,"profile_use_background_image":true,"profile_sidebar_fill_color":"f2e1f2","screen_name":"timaddicott","id_str":"90978905","profile_image_url":"http:\/\/a0.twimg.com\/profile_images\/1901011625\/image_normal.jpg","show_all_inline_media":false,"is_translator":false,"listed_count":4},"coordinates":{"type":"Point","coordinates":[144.97361183,-37.86767146]}}
{"contributors":null,"text":"@rodperea7 haha, at st kilda beach, skydiving \ud83d\udc4d","geo":{"type":"Point","coordinates":[-37.87504938,144.97647987]},"retweeted":false,"in_reply_to_screen_name":"rodperea7","truncated":false,"entities":{"urls":[],"hashtags":[],"user_mentions":[{"id":347737183,"name":"Rpc","indices":[0,10],"screen_name":"rodperea7","id_str":"347737183"}]},"in_reply_to_status_id_str":"185209747824320514","id":185209907119792128,"source":"<a href=\"http:\/\/twitter.com\/#!\/download\/iphone\" rel=\"nofollow\">Twitter for iPhone<\/a>","in_reply_to_user_id_str":"347737183","favorited":false,"in_reply_to_status_id":185209747824320514,"in_reply_to_user_id":347737183,"retweet_count":0,"created_at":"Thu Mar 29 03:40:57 +0000 2012","id_str":"185209907119792128","place":null,"user":{"location":"Melbourne, Australia","default_profile":false,"profile_background_tile":false,"statuses_count":386,"lang":"en","profile_link_color":"0084B4","id":24268398,"following":null,"favourites_count":2,"protected":false,"profile_text_color":"333333","verified":false,"contributors_enabled":false,"description":"Exchange student in Finland 2007, studying IT at Deakin Uni at the moment, love hanging out and having a good time.","name":"Hamish Mitchell","profile_sidebar_border_color":"C0DEED","profile_background_color":"C0DEED","created_at":"Fri Mar 13 22:20:49 +0000 2009","default_profile_image":false,"followers_count":32,"profile_image_url_https":"https:\/\/si0.twimg.com\/profile_images\/1642055467\/image_normal.jpg","geo_enabled":true,"profile_background_image_url":"http:\/\/a0.twimg.com\/profile_background_images\/403798460\/P1000226.jpg","profile_background_image_url_https":"https:\/\/si0.twimg.com\/profile_background_images\/403798460\/P1000226.jpg","follow_request_sent":null,"url":"http:\/\/www.facebook.com\/hamish.mitchell","utc_offset":36000,"time_zone":"Melbourne","notifications":null,"friends_count":75,"profile_use_background_image":true,"profile_sidebar_fill_color":"DDEEF6","screen_name":"ham500","id_str":"24268398","profile_image_url":"http:\/\/a0.twimg.com\/profile_images\/1642055467\/image_normal.jpg","show_all_inline_media":false,"is_translator":false,"listed_count":0},"coordinates":{"type":"Point","coordinates":[144.97647987,-37.87504938]}}
{"contributors":null,"text":"Morning run at St Kilda beach done....long day in the sun ahead\n#lookingwetthursday...notsosmug","geo":{"type":"Point","coordinates":[-37.87394322,144.98038393]},"retweeted":false,"in_reply_to_screen_name":null,"truncated":false,"entities":{"urls":[],"hashtags":[{"text":"lookingwetthursday","indices":[64,83]}],"user_mentions":[]},"in_reply_to_status_id_str":null,"id":179345197623287808,"in_reply_to_user_id_str":null,"source":"<a href=\"http:\/\/twitter.com\/#!\/download\/iphone\" rel=\"nofollow\">Twitter for iPhone<\/a>","favorited":false,"in_reply_to_status_id":null,"retweet_count":0,"created_at":"Mon Mar 12 23:16:41 +0000 2012","in_reply_to_user_id":null,"id_str":"179345197623287808","place":null,"user":{"location":"Maidstone","default_profile":false,"profile_background_tile":false,"statuses_count":8857,"lang":"en","profile_link_color":"1e2675","id":90978905,"following":null,"favourites_count":17,"protected":false,"profile_text_color":"2e112e","contributors_enabled":false,"description":"BBC Radio Kent BA & stand in presenter.I also map flooding, a strange combination admittedly. These are my views on here, not my employers, so don't sack me!","verified":false,"name":"Tim Addicott","profile_sidebar_border_color":"3ad144","profile_background_color":"91ba8e","created_at":"Wed Nov 18 22:54:01 +0000 2009","default_profile_image":false,"followers_count":286,"geo_enabled":true,"profile_image_url_https":"https:\/\/si0.twimg.com\/profile_images\/1872542470\/image_normal.jpg","profile_background_image_url":"http:\/\/a0.twimg.com\/profile_background_images\/166422891\/xde2ce2b7952bf4d87d8beb62cb2bfaa.jpg","profile_background_image_url_https":"https:\/\/si0.twimg.com\/profile_background_images\/166422891\/xde2ce2b7952bf4d87d8beb62cb2bfaa.jpg","follow_request_sent":null,"url":null,"utc_offset":0,"time_zone":"London","notifications":null,"friends_count":532,"profile_use_background_image":true,"profile_sidebar_fill_color":"f2e1f2","screen_name":"timaddicott","id_str":"90978905","profile_image_url":"http:\/\/a0.twimg.com\/profile_images\/1872542470\/image_normal.jpg","show_all_inline_media":false,"is_translator":false,"listed_count":4},"coordinates":{"type":"Point","coordinates":[144.98038393,-37.87394322]}}
{"contributors":null,"text":"#melbournebybike on St Kilda beach. Another wonderful Melbourne day!!! http:\/\/t.co\/XiOwu0On","geo":{"type":"Point","coordinates":[-37.868457,144.974186]},"retweeted":false,"in_reply_to_screen_name":null,"possibly_sensitive":false,"truncated":false,"entities":{"urls":[],"hashtags":[{"text":"melbournebybike","indices":[0,16]}],"media":[{"id":177986216489254912,"sizes":{"thumb":{"w":150,"resize":"crop","h":150},"small":{"w":340,"resize":"fit","h":255},"large":{"w":640,"resize":"fit","h":480},"medium":{"w":600,"resize":"fit","h":450}},"media_url_https":"https:\/\/p.twimg.com\/AnhVhVjCAAAndRA.jpg","media_url":"http:\/\/p.twimg.com\/AnhVhVjCAAAndRA.jpg","expanded_url":"http:\/\/twitter.com\/melbournebybike\/status\/177986216480866304\/photo\/1","indices":[71,91],"id_str":"177986216489254912","display_url":"pic.twitter.com\/XiOwu0On","type":"photo","url":"http:\/\/t.co\/XiOwu0On"}],"user_mentions":[]},"in_reply_to_status_id_str":null,"id":177986216480866304,"in_reply_to_user_id_str":null,"source":"<a href=\"http:\/\/www.apple.com\" rel=\"nofollow\">Camera on iOS<\/a>","favorited":false,"in_reply_to_status_id":null,"retweet_count":0,"created_at":"Fri Mar 09 05:16:36 +0000 2012","in_reply_to_user_id":null,"possibly_sensitive_editable":true,"id_str":"177986216480866304","place":null,"user":{"location":"Melbourne Australia","default_profile":true,"profile_background_tile":false,"statuses_count":75,"lang":"en","profile_link_color":"0084B4","id":278516009,"following":null,"protected":false,"favourites_count":0,"profile_text_color":"333333","contributors_enabled":false,"verified":false,"description":"Passionate about Melbourne and Cycling. Life couldn't be better than meeting people from around the world & helping them fall in love too :) Fun is added bonus!","profile_sidebar_border_color":"C0DEED","name":"Michelle Brown","profile_background_color":"C0DEED","created_at":"Thu Apr 07 12:41:26 +0000 2011","default_profile_image":false,"followers_count":22,"geo_enabled":true,"profile_image_url_https":"https:\/\/si0.twimg.com\/profile_images\/1303130643\/wwwmbb_logojpeg_normal.jpg","profile_background_image_url":"http:\/\/a0.twimg.com\/images\/themes\/theme1\/bg.png","profile_background_image_url_https":"https:\/\/si0.twimg.com\/images\/themes\/theme1\/bg.png","follow_request_sent":null,"url":"http:\/\/www.melbournebybike.com","utc_offset":36000,"time_zone":"Melbourne","notifications":null,"friends_count":44,"profile_use_background_image":true,"profile_sidebar_fill_color":"DDEEF6","screen_name":"melbournebybike","id_str":"278516009","show_all_inline_media":false,"profile_image_url":"http:\/\/a0.twimg.com\/profile_images\/1303130643\/wwwmbb_logojpeg_normal.jpg","is_translator":false,"listed_count":0},"coordinates":{"type":"Point","coordinates":[144.974186,-37.868457]}}
{"text":"Night walking. :) (@ St Kilda Beach w\/ @zaczulhusni @farnsar @maselfloveme) http:\/\/t.co\/lLFCNcf8","contributors":null,"geo":{"type":"Point","coordinates":[-37.86767146,144.97361183]},"retweeted":false,"in_reply_to_screen_name":null,"possibly_sensitive":false,"truncated":false,"entities":{"urls":[{"expanded_url":"http:\/\/4sq.com\/HmHwDt","indices":[76,96],"display_url":"4sq.com\/HmHwDt","url":"http:\/\/t.co\/lLFCNcf8"}],"hashtags":[],"user_mentions":[{"id":216344837,"name":"z.a.c","indices":[39,51],"screen_name":"zaczulhusni","id_str":"216344837"},{"id":354271055,"name":"Rauf ","indices":[61,74],"screen_name":"maselfloveme","id_str":"354271055"}]},"in_reply_to_status_id_str":null,"id":185730011381239808,"in_reply_to_user_id_str":null,"source":"<a href=\"http:\/\/foursquare.com\" rel=\"nofollow\">foursquare<\/a>","favorited":false,"in_reply_to_status_id":null,"in_reply_to_user_id":null,"retweet_count":0,"created_at":"Fri Mar 30 14:07:40 +0000 2012","possibly_sensitive_editable":true,"id_str":"185730011381239808","place":null,"user":{"location":"Melbourne","default_profile":false,"statuses_count":6877,"profile_background_tile":false,"lang":"en","profile_link_color":"CC3366","id":236299370,"following":null,"favourites_count":10,"protected":false,"profile_text_color":"333333","contributors_enabled":false,"description":"You don't live my life, suffer my pain, enjoy my happiness, walk my path, so stop judging me.  ","verified":false,"name":"Shayra Jaafar","profile_sidebar_border_color":"DBE9ED","profile_background_color":"DBE9ED","created_at":"Mon Jan 10 08:01:27 +0000 2011","default_profile_image":false,"followers_count":89,"profile_image_url_https":"https:\/\/si0.twimg.com\/profile_images\/1915399131\/336418026_normal.jpg","geo_enabled":true,"profile_background_image_url":"http:\/\/a0.twimg.com\/images\/themes\/theme17\/bg.gif","profile_background_image_url_https":"https:\/\/si0.twimg.com\/images\/themes\/theme17\/bg.gif","follow_request_sent":null,"url":"http:\/\/shayrayuni.blogspot.com\/","utc_offset":36000,"time_zone":"Melbourne","notifications":null,"profile_use_background_image":true,"friends_count":84,"profile_sidebar_fill_color":"E6F6F9","screen_name":"shayrayuni","id_str":"236299370","profile_image_url":"http:\/\/a0.twimg.com\/profile_images\/1915399131\/336418026_normal.jpg","show_all_inline_media":true,"is_translator":false,"listed_count":2},"coordinates":{"type":"Point","coordinates":[144.97361183,-37.86767146]}}
{"contributors":null,"text":"Mark Webber playing some beach cricket with Sebastian Vettel on St Kilda beach  @ St.Kilda Sea Baths http:\/\/t.co\/UvXzxE5b","geo":{"type":"Point","coordinates":[-37.86529568,144.97190595]},"retweeted":false,"in_reply_to_screen_name":null,"possibly_sensitive":false,"truncated":false,"entities":{"urls":[{"expanded_url":"http:\/\/instagr.am\/p\/IJO30EpDxt\/","indices":[101,121],"display_url":"instagr.am\/p\/IJO30EpDxt\/","url":"http:\/\/t.co\/UvXzxE5b"}],"hashtags":[],"user_mentions":[]},"in_reply_to_status_id_str":null,"id":179829859781050368,"in_reply_to_user_id_str":null,"source":"<a href=\"http:\/\/instagr.am\" rel=\"nofollow\">Instagram<\/a>","favorited":false,"in_reply_to_status_id":null,"in_reply_to_user_id":null,"retweet_count":0,"created_at":"Wed Mar 14 07:22:34 +0000 2012","possibly_sensitive_editable":true,"id_str":"179829859781050368","place":null,"user":{"location":"New Zealand","default_profile":true,"profile_background_tile":false,"statuses_count":386,"lang":"en","profile_link_color":"0084B4","id":19167679,"following":null,"favourites_count":3,"protected":false,"profile_text_color":"333333","description":"Sports Marketing Manger at Red BUll NZ, founder of Steady Rollin.co.nz fixed gear bike sometimes riding silly buggers","verified":false,"contributors_enabled":false,"name":"Ivan Mennim","profile_sidebar_border_color":"C0DEED","profile_background_color":"C0DEED","created_at":"Mon Jan 19 02:38:13 +0000 2009","default_profile_image":false,"followers_count":329,"profile_image_url_https":"https:\/\/si0.twimg.com\/profile_images\/1348587544\/image_normal.jpg","geo_enabled":true,"profile_background_image_url":"http:\/\/a0.twimg.com\/images\/themes\/theme1\/bg.png","profile_background_image_url_https":"https:\/\/si0.twimg.com\/images\/themes\/theme1\/bg.png","follow_request_sent":null,"url":"http:\/\/www.steadyrollin.co.nz","utc_offset":-36000,"time_zone":"Hawaii","notifications":null,"friends_count":281,"profile_use_background_image":true,"profile_sidebar_fill_color":"DDEEF6","screen_name":"steadyrollin","id_str":"19167679","profile_image_url":"http:\/\/a0.twimg.com\/profile_images\/1348587544\/image_normal.jpg","show_all_inline_media":false,"is_translator":false,"listed_count":3},"coordinates":{"type":"Point","coordinates":[144.97190595,-37.86529568]}}
{"contributors":null,"text":"I do like how I have a direct tram to St Kilda beach. It makes this assignment so much easier!","geo":{"type":"Point","coordinates":[-37.83722285,145.03270618]},"retweeted":false,"in_reply_to_screen_name":null,"truncated":false,"entities":{"urls":[],"hashtags":[],"user_mentions":[]},"in_reply_to_status_id_str":null,"id":179780343228923905,"in_reply_to_user_id_str":null,"source":"<a href=\"http:\/\/twitter.com\/#!\/download\/iphone\" rel=\"nofollow\">Twitter for iPhone<\/a>","favorited":false,"in_reply_to_status_id":null,"in_reply_to_user_id":null,"retweet_count":0,"created_at":"Wed Mar 14 04:05:48 +0000 2012","id_str":"179780343228923905","place":null,"user":{"location":"Melbourne, Victoria","default_profile":false,"profile_background_tile":false,"statuses_count":12046,"lang":"en","profile_link_color":"0091ff","id":21694005,"following":null,"favourites_count":21,"protected":false,"profile_text_color":"333333","description":"I enjoy long walks along the bea- Crap, that's not me! Tassie boy, living in the city of Melbourne, Hawthorn supporter. Journalism student at Swinburne.","verified":false,"contributors_enabled":false,"name":"Benjamin Hansen","profile_sidebar_border_color":"2600ff","profile_background_color":"131516","created_at":"Mon Feb 23 21:08:49 +0000 2009","default_profile_image":false,"followers_count":282,"profile_image_url_https":"https:\/\/si0.twimg.com\/profile_images\/1826547298\/image_normal.jpg","geo_enabled":true,"profile_background_image_url":"http:\/\/a0.twimg.com\/profile_background_images\/376029698\/writers-desk.jpg","profile_background_image_url_https":"https:\/\/si0.twimg.com\/profile_background_images\/376029698\/writers-desk.jpg","follow_request_sent":null,"url":"http:\/\/www.facebook.com\/BenjaminJamesHansen","utc_offset":36000,"time_zone":"Hobart","notifications":null,"friends_count":427,"profile_use_background_image":false,"profile_sidebar_fill_color":"b0de7c","screen_name":"ben_hansen","id_str":"21694005","profile_image_url":"http:\/\/a0.twimg.com\/profile_images\/1826547298\/image_normal.jpg","show_all_inline_media":true,"is_translator":false,"listed_count":4},"coordinates":{"type":"Point","coordinates":[145.03270618,-37.83722285]}}
{"contributors":null,"text":"Wow, what another stunner of a day. Spent the arvo on st Kilda beach doing my assignment. This can't be legal!","geo":{"type":"Point","coordinates":[-37.86527893,144.97376262]},"retweeted":false,"in_reply_to_screen_name":null,"truncated":false,"entities":{"urls":[],"hashtags":[],"user_mentions":[]},"in_reply_to_status_id_str":null,"id":179820143185104897,"in_reply_to_user_id_str":null,"source":"<a href=\"http:\/\/twitter.com\/#!\/download\/iphone\" rel=\"nofollow\">Twitter for iPhone<\/a>","favorited":false,"in_reply_to_status_id":null,"in_reply_to_user_id":null,"retweet_count":0,"created_at":"Wed Mar 14 06:43:57 +0000 2012","id_str":"179820143185104897","place":null,"user":{"location":"Melbourne, Victoria","default_profile":false,"profile_background_tile":false,"statuses_count":12052,"lang":"en","profile_link_color":"0091ff","id":21694005,"following":null,"favourites_count":21,"protected":false,"profile_text_color":"333333","description":"I enjoy long walks along the bea- Crap, that's not me! Tassie boy, living in the city of Melbourne, Hawthorn supporter. Journalism student at Swinburne.","verified":false,"contributors_enabled":false,"name":"Benjamin Hansen","profile_sidebar_border_color":"2600ff","profile_background_color":"131516","created_at":"Mon Feb 23 21:08:49 +0000 2009","default_profile_image":false,"followers_count":282,"profile_image_url_https":"https:\/\/si0.twimg.com\/profile_images\/1826547298\/image_normal.jpg","geo_enabled":true,"profile_background_image_url":"http:\/\/a0.twimg.com\/profile_background_images\/376029698\/writers-desk.jpg","profile_background_image_url_https":"https:\/\/si0.twimg.com\/profile_background_images\/376029698\/writers-desk.jpg","follow_request_sent":null,"url":"http:\/\/www.facebook.com\/BenjaminJamesHansen","utc_offset":36000,"time_zone":"Hobart","notifications":null,"friends_count":427,"profile_use_background_image":false,"profile_sidebar_fill_color":"b0de7c","screen_name":"ben_hansen","id_str":"21694005","profile_image_url":"http:\/\/a0.twimg.com\/profile_images\/1826547298\/image_normal.jpg","show_all_inline_media":true,"is_translator":false,"listed_count":4},"coordinates":{"type":"Point","coordinates":[144.97376262,-37.86527893]}}
{"geo":"null","author":"UserJSONImpl{id=22351000, name='Andrew', screenName='AndrewPatrick_', location='Melbourne, Australia', description='What you see is generally what you get - Instagram: @andrewpatrick_ , snapchat: andrewboland', isContributorsEnabled=false, profileImageUrl='http://pbs.twimg.com/profile_images/984049464703774721/RnhLFvH2_normal.jpg', profileImageUrlHttps='https://pbs.twimg.com/profile_images/984049464703774721/RnhLFvH2_normal.jpg', isDefaultProfileImage=false, url='null', isProtected=false, followersCount=465, status=null, profileBackgroundColor='131516', profileTextColor='000000', profileLinkColor='575757', profileSidebarFillColor='F5F5F5', profileSidebarBorderColor='000000', profileUseBackgroundImage=false, isDefaultProfile=false, showAllInlineMedia=false, friendsCount=462, createdAt=Sun Mar 01 21:41:17 AEDT 2009, favouritesCount=2160, utcOffset=36000, timeZone='Melbourne', profileBackgroundImageUrl='http://pbs.twimg.com/profile_background_images/830525481/df143f54449e31f62f2a52751f17c6a4.jpeg', profileBackgroundImageUrlHttps='https://pbs.twimg.com/profile_background_images/830525481/df143f54449e31f62f2a52751f17c6a4.jpeg', profileBackgroundTiled=true, lang='en', statusesCount=27705, isGeoEnabled=true, isVerified=false, translator=false, listedCount=9, isFollowRequestSent=false, withheldInCountries=null}","CreatedAt":"Sun Apr 22 15:11:28 AEST 2018","text":"Was approaching a ticket machine to pay for parking in St Kilda, and a very nice lady who was leaving asked if I wa\u2026 https://t.co/HXaPEg5Ilg","place":{"coordinates":"PlaceJSONImpl{name='Melbourne', streetAddress='null', countryCode='AU', id='01864a8a64df9dc4', country='Australia', placeType='city', url='https://api.twitter.com/1.1/geo/id/01864a8a64df9dc4.json', fullName='Melbourne, Victoria', boundingBoxType='Polygon', boundingBoxCoordinates=[[Ltwitter4j.GeoLocation;@42862aa8], geometryType='null', geometryCoordinates=null, containedWithIn=null}","type":"polygon"}}
{"geo":"null","CreatedAt":"Sun Apr 22 21:15:18 AEST 2018","text":"St Kilda beach looks like cleethorpes lool","place":{"coordinates":"PlaceJSONImpl{name='Melbourne', streetAddress='null', countryCode='AU', id='01864a8a64df9dc4', country='Australia', placeType='city', url='https://api.twitter.com/1.1/geo/id/01864a8a64df9dc4.json', fullName='Melbourne, Victoria', boundingBoxType='Polygon', boundingBoxCoordinates=[[Ltwitter4j.GeoLocation;@255eb6b9], geometryType='null', geometryCoordinates=null, containedWithIn=null}","type":"polygon"}}
{"geo":"GeoLocation{latitude=-37.82055556, longitude=144.96888889}","retweet":0,"CreatedAt":"Tue May 08 12:26:59 AEST 2018","_id":993678622580883457,"text":"Early morning St Kilda Road pick ups to the airport when its quiet\u2026 https://t.co/8UNIUfHeEh","type":"point"}
{"geo":"GeoLocation{latitude=-37.83622029, longitude=144.9755387}","retweet":0,"CreatedAt":"Tue May 08 13:27:03 AEST 2018","_id":993693736361062401,"text":"St Kilda Rd , Melbourne - Traffic Alert, NBN works near Toorak Road.   Lefthand  lane from Toorak Road\u2026 https://t.co/r72FX0F05l #victraffic","type":"point"}
{"geo":"GeoLocation{latitude=-37.8673, longitude=144.978}","retweet":0,"CreatedAt":"Tue May 08 17:53:11 AEST 2018","_id":993760713763119104,"text":"You're doing it Peter! You're doing it! @ St Kilda, Victoria https://t.co/WuSxuj01df","type":"point"}
