{"contributors":null,"text":"Yarra river promenade #southbank #Melbourne #sunisshining  @ Sandridge Bridge http:\/\/t.co\/YoB9J8N0","geo":{"type":"Point","coordinates":[-37.820552,144.962613]},"retweeted":false,"in_reply_to_screen_name":null,"possibly_sensitive":false,"truncated":false,"entities":{"urls":[{"expanded_url":"http:\/\/instagr.am\/p\/Ivc2mbyatr\/","indices":[78,98],"display_url":"instagr.am\/p\/Ivc2mbyatr\/","url":"http:\/\/t.co\/YoB9J8N0"}],"hashtags":[{"text":"southbank","indices":[22,32]},{"text":"Melbourne","indices":[33,43]},{"text":"sunisshining","indices":[44,57]}],"user_mentions":[]},"in_reply_to_status_id_str":null,"id":185221568467714051,"in_reply_to_user_id_str":null,"source":"<a href=\"http:\/\/instagr.am\" rel=\"nofollow\">Instagram<\/a>","favorited":false,"in_reply_to_status_id":null,"in_reply_to_user_id":null,"retweet_count":0,"created_at":"Thu Mar 29 04:27:17 +0000 2012","possibly_sensitive_editable":true,"id_str":"185221568467714051","place":null,"user":{"location":null,"default_profile":true,"profile_background_tile":false,"statuses_count":36,"lang":"en","profile_link_color":"0084B4","id":279356064,"following":null,"favourites_count":3,"protected":false,"profile_text_color":"333333","verified":false,"contributors_enabled":false,"description":null,"name":"Maithe","profile_sidebar_border_color":"C0DEED","profile_background_color":"C0DEED","created_at":"Sat Apr 09 03:21:50 +0000 2011","default_profile_image":false,"followers_count":38,"profile_image_url_https":"https:\/\/si0.twimg.com\/profile_images\/1321962323\/image_normal.jpg","geo_enabled":true,"profile_background_image_url":"http:\/\/a0.twimg.com\/images\/themes\/theme1\/bg.png","profile_background_image_url_https":"https:\/\/si0.twimg.com\/images\/themes\/theme1\/bg.png","follow_request_sent":null,"url":null,"utc_offset":null,"time_zone":null,"notifications":null,"friends_count":157,"profile_use_background_image":true,"profile_sidebar_fill_color":"DDEEF6","screen_name":"maithetremblay","id_str":"279356064","profile_image_url":"http:\/\/a0.twimg.com\/profile_images\/1321962323\/image_normal.jpg","show_all_inline_media":false,"is_translator":false,"listed_count":0},"coordinates":{"type":"Point","coordinates":[144.962613,-37.820552]}}
{"contributors":null,"text":"Lol, this guy was drawing #dollar signs on the #yarra #river, practicing for #moomba, I guess  @ Yarra river http:\/\/t.co\/exg1mFfD","geo":{"type":"Point","coordinates":[-37.82315168,144.977196]},"retweeted":false,"in_reply_to_screen_name":null,"possibly_sensitive":false,"truncated":false,"entities":{"urls":[{"expanded_url":"http:\/\/instagr.am\/p\/H8mGSrsWfx\/","indices":[109,129],"display_url":"instagr.am\/p\/H8mGSrsWfx\/","url":"http:\/\/t.co\/exg1mFfD"}],"hashtags":[{"text":"dollar","indices":[26,33]},{"text":"yarra","indices":[47,53]},{"text":"river","indices":[54,60]},{"text":"moomba","indices":[77,84]}],"user_mentions":[]},"in_reply_to_status_id_str":null,"id":178051304478879744,"in_reply_to_user_id_str":null,"source":"<a href=\"http:\/\/instagr.am\" rel=\"nofollow\">Instagram<\/a>","favorited":false,"in_reply_to_status_id":null,"retweet_count":0,"created_at":"Fri Mar 09 09:35:13 +0000 2012","in_reply_to_user_id":null,"possibly_sensitive_editable":true,"id_str":"178051304478879744","place":null,"user":{"location":"Melbourne, Australia","default_profile":false,"profile_background_tile":false,"statuses_count":4815,"lang":"en","profile_link_color":"0000ff","id":972111,"following":null,"protected":false,"favourites_count":652,"profile_text_color":"000000","contributors_enabled":false,"verified":false,"description":"I like dogs, I like things that fly, I like taking pictures, and I like saying woop!","profile_sidebar_border_color":"87bc44","name":"Steven Pam","profile_background_color":"5f88c3","created_at":"Mon Mar 12 01:20:01 +0000 2007","default_profile_image":false,"followers_count":592,"geo_enabled":true,"profile_image_url_https":"https:\/\/si0.twimg.com\/profile_images\/27349552\/me_normal.jpg","profile_background_image_url":"http:\/\/a0.twimg.com\/profile_background_images\/4797849\/twitter.jpg","profile_background_image_url_https":"https:\/\/si0.twimg.com\/profile_background_images\/4797849\/twitter.jpg","follow_request_sent":null,"url":"http:\/\/stevenpam.com.au\/","utc_offset":36000,"time_zone":"Melbourne","notifications":null,"friends_count":599,"profile_use_background_image":true,"profile_sidebar_fill_color":"e0ff92","screen_name":"stevenpam","id_str":"972111","show_all_inline_media":false,"profile_image_url":"http:\/\/a0.twimg.com\/profile_images\/27349552\/me_normal.jpg","is_translator":false,"listed_count":26},"coordinates":{"type":"Point","coordinates":[144.977196,-37.82315168]}}
{"text":"Yarra river view  @ Federation Square http:\/\/t.co\/E24InUj8","contributors":null,"geo":{"type":"Point","coordinates":[-37.81785297,144.96829033]},"retweeted":false,"in_reply_to_screen_name":null,"possibly_sensitive":false,"truncated":false,"entities":{"urls":[{"expanded_url":"http:\/\/instagr.am\/p\/Iqmhx4mDMJ\/","indices":[38,58],"display_url":"instagr.am\/p\/Iqmhx4mDMJ\/","url":"http:\/\/t.co\/E24InUj8"}],"hashtags":[],"user_mentions":[]},"in_reply_to_status_id_str":null,"id":184525914250543105,"in_reply_to_user_id_str":null,"source":"<a href=\"http:\/\/instagr.am\" rel=\"nofollow\">Instagram<\/a>","favorited":false,"in_reply_to_status_id":null,"retweet_count":0,"in_reply_to_user_id":null,"created_at":"Tue Mar 27 06:23:00 +0000 2012","possibly_sensitive_editable":true,"id_str":"184525914250543105","place":null,"user":{"location":"Melbourne, Australia","default_profile":false,"statuses_count":1292,"profile_background_tile":false,"lang":"en","profile_link_color":"2FC2EF","id":41762483,"following":null,"favourites_count":4,"protected":false,"profile_text_color":"666666","description":"IT Support Officer aka Massive Nerd","verified":false,"contributors_enabled":false,"name":"Damian Solomons","profile_sidebar_border_color":"181A1E","profile_background_color":"2b2b2b","created_at":"Fri May 22 05:45:30 +0000 2009","default_profile_image":false,"followers_count":96,"geo_enabled":true,"profile_image_url_https":"https:\/\/si0.twimg.com\/profile_images\/1908653216\/image_normal.jpg","profile_background_image_url":"http:\/\/a0.twimg.com\/profile_background_images\/283587436\/abstract-wallpapers_00059.jpg","profile_background_image_url_https":"https:\/\/si0.twimg.com\/profile_background_images\/283587436\/abstract-wallpapers_00059.jpg","follow_request_sent":null,"url":"http:\/\/www.facebook.com\/damian.solomons","utc_offset":36000,"time_zone":"Melbourne","notifications":null,"friends_count":200,"profile_use_background_image":false,"profile_sidebar_fill_color":"252429","screen_name":"damianchad","id_str":"41762483","profile_image_url":"http:\/\/a0.twimg.com\/profile_images\/1908653216\/image_normal.jpg","show_all_inline_media":false,"listed_count":2,"is_translator":false},"coordinates":{"type":"Point","coordinates":[144.96829033,-37.81785297]}}
{"text":"A stroll with Joel #melbourne #yarra  @ Yarra river http:\/\/t.co\/JlPLEDDE","contributors":null,"geo":{"type":"Point","coordinates":[-37.82316684,144.97689055]},"retweeted":false,"in_reply_to_screen_name":null,"possibly_sensitive":false,"truncated":false,"entities":{"urls":[{"expanded_url":"http:\/\/instagr.am\/p\/IgaZzlJhPI\/","indices":[52,72],"display_url":"instagr.am\/p\/IgaZzlJhPI\/","url":"http:\/\/t.co\/JlPLEDDE"}],"hashtags":[{"text":"melbourne","indices":[19,29]},{"text":"yarra","indices":[30,36]}],"user_mentions":[]},"in_reply_to_status_id_str":null,"id":183092283770548224,"in_reply_to_user_id_str":null,"source":"<a href=\"http:\/\/instagr.am\" rel=\"nofollow\">Instagram<\/a>","favorited":false,"in_reply_to_status_id":null,"created_at":"Fri Mar 23 07:26:16 +0000 2012","retweet_count":0,"in_reply_to_user_id":null,"possibly_sensitive_editable":true,"id_str":"183092283770548224","place":null,"user":{"location":"Melbourne, Australia","default_profile":false,"statuses_count":3062,"profile_background_tile":false,"lang":"en","profile_link_color":"038543","id":16113257,"following":null,"favourites_count":4,"protected":false,"profile_text_color":"333333","verified":false,"contributors_enabled":false,"description":"Crocheteer (like a mouseketeer, but crochet; it's a thing), knitter, blogger, instructor, writer, dreamer. Or summat.","profile_sidebar_border_color":"EEEEEE","name":"Raynor Blazely","profile_background_color":"ACDED6","created_at":"Wed Sep 03 14:07:28 +0000 2008","default_profile_image":false,"followers_count":139,"geo_enabled":true,"profile_image_url_https":"https:\/\/si0.twimg.com\/profile_images\/1606925175\/Hoodie_normal.jpg","profile_background_image_url":"http:\/\/a0.twimg.com\/profile_background_images\/378188011\/Twitter_Background.jpg","profile_background_image_url_https":"https:\/\/si0.twimg.com\/profile_background_images\/378188011\/Twitter_Background.jpg","follow_request_sent":null,"url":"http:\/\/www.theshylion.com","utc_offset":36000,"time_zone":"Melbourne","notifications":null,"profile_use_background_image":true,"friends_count":180,"profile_sidebar_fill_color":"F6F6F6","screen_name":"theshylion","id_str":"16113257","show_all_inline_media":true,"profile_image_url":"http:\/\/a0.twimg.com\/profile_images\/1606925175\/Hoodie_normal.jpg","listed_count":3,"is_translator":false},"coordinates":{"type":"Point","coordinates":[144.97689055,-37.82316684]}}
{"text":"N'aww rest in peace, Cookie. #melbourne #yarra #swan  @ Yarra river http:\/\/t.co\/iwXwm4jM","contributors":null,"geo":{"type":"Point","coordinates":[-37.82316684,144.97689055]},"retweeted":false,"in_reply_to_screen_name":null,"possibly_sensitive":false,"truncated":false,"entities":{"urls":[{"expanded_url":"http:\/\/instagr.am\/p\/Igav1wJhPN\/","indices":[68,88],"display_url":"instagr.am\/p\/Igav1wJhPN\/","url":"http:\/\/t.co\/iwXwm4jM"}],"hashtags":[{"text":"melbourne","indices":[29,39]},{"text":"yarra","indices":[40,46]},{"text":"swan","indices":[47,52]}],"user_mentions":[]},"in_reply_to_status_id_str":null,"id":183092802337509377,"in_reply_to_user_id_str":null,"source":"<a href=\"http:\/\/instagr.am\" rel=\"nofollow\">Instagram<\/a>","favorited":false,"in_reply_to_status_id":null,"created_at":"Fri Mar 23 07:28:20 +0000 2012","retweet_count":0,"in_reply_to_user_id":null,"possibly_sensitive_editable":true,"id_str":"183092802337509377","place":null,"user":{"location":"Melbourne, Australia","default_profile":false,"profile_background_tile":false,"statuses_count":3063,"lang":"en","profile_link_color":"038543","id":16113257,"following":null,"favourites_count":4,"protected":false,"profile_text_color":"333333","verified":false,"description":"Crocheteer (like a mouseketeer, but crochet; it's a thing), knitter, blogger, instructor, writer, dreamer. Or summat.","contributors_enabled":false,"name":"Raynor Blazely","profile_sidebar_border_color":"EEEEEE","profile_background_color":"ACDED6","created_at":"Wed Sep 03 14:07:28 +0000 2008","default_profile_image":false,"followers_count":139,"profile_image_url_https":"https:\/\/si0.twimg.com\/profile_images\/1606925175\/Hoodie_normal.jpg","geo_enabled":true,"profile_background_image_url":"http:\/\/a0.twimg.com\/profile_background_images\/378188011\/Twitter_Background.jpg","profile_background_image_url_https":"https:\/\/si0.twimg.com\/profile_background_images\/378188011\/Twitter_Background.jpg","follow_request_sent":null,"url":"http:\/\/www.theshylion.com","utc_offset":36000,"time_zone":"Melbourne","notifications":null,"profile_use_background_image":true,"friends_count":180,"profile_sidebar_fill_color":"F6F6F6","screen_name":"theshylion","id_str":"16113257","show_all_inline_media":true,"profile_image_url":"http:\/\/a0.twimg.com\/profile_images\/1606925175\/Hoodie_normal.jpg","is_translator":false,"listed_count":3},"coordinates":{"type":"Point","coordinates":[144.97689055,-37.82316684]}}
{"text":"I'm at Yarra river (Melbourne St Kilda Rd, Victoria) http:\/\/t.co\/pOvfBUnx","contributors":null,"geo":{"type":"Point","coordinates":[-37.82316684,144.97689055]},"retweeted":false,"in_reply_to_screen_name":null,"possibly_sensitive":false,"truncated":false,"entities":{"urls":[{"expanded_url":"http:\/\/4sq.com\/GG1GCG","indices":[53,73],"display_url":"4sq.com\/GG1GCG","url":"http:\/\/t.co\/pOvfBUnx"}],"hashtags":[],"user_mentions":[]},"in_reply_to_status_id_str":null,"id":182794088830074880,"in_reply_to_user_id_str":null,"source":"<a href=\"http:\/\/foursquare.com\" rel=\"nofollow\">foursquare<\/a>","favorited":false,"in_reply_to_status_id":null,"retweet_count":0,"created_at":"Thu Mar 22 11:41:21 +0000 2012","in_reply_to_user_id":null,"possibly_sensitive_editable":true,"id_str":"182794088830074880","place":null,"user":{"location":"jurong west , singapore","default_profile":false,"profile_background_tile":false,"statuses_count":9956,"lang":"en","profile_link_color":"088253","id":293993604,"following":null,"favourites_count":1,"protected":false,"profile_text_color":"634047","contributors_enabled":false,"verified":false,"description":"i'm not special , i'm not limited edition , i'm just ordinary human and just the way who i'm :)","name":"Wiwit Windrian","profile_sidebar_border_color":"D3D2CF","profile_background_color":"EDECE9","created_at":"Fri May 06 10:30:35 +0000 2011","default_profile_image":false,"followers_count":482,"geo_enabled":true,"profile_image_url_https":"https:\/\/si0.twimg.com\/profile_images\/1929405924\/image_normal.jpg","profile_background_image_url":"http:\/\/a0.twimg.com\/profile_background_images\/430461072\/image.jpg","profile_background_image_url_https":"https:\/\/si0.twimg.com\/profile_background_images\/430461072\/image.jpg","follow_request_sent":null,"url":"http:\/\/www.avatara88.com","utc_offset":28800,"time_zone":"Singapore","notifications":null,"profile_use_background_image":true,"friends_count":46,"profile_sidebar_fill_color":"E3E2DE","screen_name":"Wwindrian","id_str":"293993604","show_all_inline_media":false,"profile_image_url":"http:\/\/a0.twimg.com\/profile_images\/1929405924\/image_normal.jpg","is_translator":false,"listed_count":1},"coordinates":{"type":"Point","coordinates":[144.97689055,-37.82316684]}}
{"text":"Just posted a photo  @ Yarra river http:\/\/t.co\/J05di9XC","contributors":null,"geo":{"type":"Point","coordinates":[-37.8231541,144.97663237]},"retweeted":false,"in_reply_to_screen_name":null,"possibly_sensitive":false,"truncated":false,"entities":{"urls":[{"expanded_url":"http:\/\/instagr.am\/p\/JGgsF_Feg6\/","indices":[35,55],"display_url":"instagr.am\/p\/JGgsF_Feg6\/","url":"http:\/\/t.co\/J05di9XC"}],"hashtags":[],"user_mentions":[]},"in_reply_to_status_id_str":null,"id":188454493451599874,"in_reply_to_user_id_str":null,"source":"<a href=\"http:\/\/instagr.am\" rel=\"nofollow\">Instagram<\/a>","favorited":false,"in_reply_to_status_id":null,"created_at":"Sat Apr 07 02:33:47 +0000 2012","retweet_count":0,"in_reply_to_user_id":null,"possibly_sensitive_editable":true,"id_str":"188454493451599874","place":null,"user":{"location":"Melbourne \u2665","default_profile":false,"profile_background_tile":true,"statuses_count":1284,"lang":"en","profile_link_color":"009999","id":361123358,"following":null,"favourites_count":1,"protected":false,"profile_text_color":"333333","description":"","contributors_enabled":false,"verified":false,"profile_sidebar_border_color":"eeeeee","name":"ethan bates","profile_background_color":"131516","created_at":"Wed Aug 24 08:46:05 +0000 2011","default_profile_image":false,"followers_count":122,"profile_image_url_https":"https:\/\/si0.twimg.com\/profile_images\/1888554630\/AnsNQTyCAAAyDEf_normal.jpg","geo_enabled":true,"profile_background_image_url":"http:\/\/a0.twimg.com\/images\/themes\/theme14\/bg.gif","profile_background_image_url_https":"https:\/\/si0.twimg.com\/images\/themes\/theme14\/bg.gif","follow_request_sent":null,"url":"http:\/\/ethanbates96.tumblr.com\/","utc_offset":null,"time_zone":null,"notifications":null,"friends_count":894,"profile_use_background_image":true,"profile_sidebar_fill_color":"efefef","screen_name":"ethan_bates","id_str":"361123358","show_all_inline_media":false,"profile_image_url":"http:\/\/a0.twimg.com\/profile_images\/1888554630\/AnsNQTyCAAAyDEf_normal.jpg","listed_count":0,"is_translator":false},"coordinates":{"type":"Point","coordinates":[144.97663237,-37.8231541]}}
{"text":"Just posted a photo  @ Yarra river http:\/\/t.co\/ZE9aImS8","contributors":null,"geo":{"type":"Point","coordinates":[-37.8231541,144.97663237]},"retweeted":false,"in_reply_to_screen_name":null,"possibly_sensitive":false,"truncated":false,"entities":{"urls":[{"expanded_url":"http:\/\/instagr.am\/p\/JGiQV1lehU\/","indices":[35,55],"display_url":"instagr.am\/p\/JGiQV1lehU\/","url":"http:\/\/t.co\/ZE9aImS8"}],"hashtags":[],"user_mentions":[]},"in_reply_to_status_id_str":null,"id":188457343128829952,"in_reply_to_user_id_str":null,"source":"<a href=\"http:\/\/instagr.am\" rel=\"nofollow\">Instagram<\/a>","favorited":false,"in_reply_to_status_id":null,"created_at":"Sat Apr 07 02:45:06 +0000 2012","retweet_count":0,"in_reply_to_user_id":null,"possibly_sensitive_editable":true,"id_str":"188457343128829952","place":null,"user":{"location":"Melbourne \u2665","default_profile":false,"profile_background_tile":true,"statuses_count":1286,"lang":"en","profile_link_color":"009999","id":361123358,"following":null,"favourites_count":1,"protected":false,"profile_text_color":"333333","description":"","contributors_enabled":false,"verified":false,"profile_sidebar_border_color":"eeeeee","name":"ethan bates","profile_background_color":"131516","created_at":"Wed Aug 24 08:46:05 +0000 2011","default_profile_image":false,"followers_count":122,"profile_image_url_https":"https:\/\/si0.twimg.com\/profile_images\/1888554630\/AnsNQTyCAAAyDEf_normal.jpg","geo_enabled":true,"profile_background_image_url":"http:\/\/a0.twimg.com\/images\/themes\/theme14\/bg.gif","profile_background_image_url_https":"https:\/\/si0.twimg.com\/images\/themes\/theme14\/bg.gif","follow_request_sent":null,"url":"http:\/\/ethanbates96.tumblr.com\/","utc_offset":null,"time_zone":null,"notifications":null,"friends_count":894,"profile_use_background_image":true,"profile_sidebar_fill_color":"efefef","screen_name":"ethan_bates","id_str":"361123358","show_all_inline_media":false,"profile_image_url":"http:\/\/a0.twimg.com\/profile_images\/1888554630\/AnsNQTyCAAAyDEf_normal.jpg","listed_count":0,"is_translator":false},"coordinates":{"type":"Point","coordinates":[144.97663237,-37.8231541]}}
{"text":"I'm at Yarra river (Melbourne St Kilda Rd, Victoria) http:\/\/t.co\/WQYPQ6Qo","contributors":null,"geo":{"type":"Point","coordinates":[-37.8231541,144.97663237]},"retweeted":false,"in_reply_to_screen_name":null,"possibly_sensitive":false,"truncated":false,"entities":{"urls":[{"expanded_url":"http:\/\/4sq.com\/HBzFij","indices":[53,73],"display_url":"4sq.com\/HBzFij","url":"http:\/\/t.co\/WQYPQ6Qo"}],"hashtags":[],"user_mentions":[]},"in_reply_to_status_id_str":null,"id":190099603050336257,"in_reply_to_user_id_str":null,"source":"<a href=\"http:\/\/foursquare.com\" rel=\"nofollow\">foursquare<\/a>","favorited":false,"in_reply_to_status_id":null,"created_at":"Wed Apr 11 15:30:51 +0000 2012","in_reply_to_user_id":null,"retweet_count":0,"possibly_sensitive_editable":true,"id_str":"190099603050336257","place":null,"user":{"location":"KUW \/ AUS - Melbourne","default_profile":false,"statuses_count":6764,"profile_background_tile":false,"lang":"en","profile_link_color":"2FC2EF","id":244717963,"following":null,"protected":false,"favourites_count":62,"profile_text_color":"666666","description":"Aquarian \u2652\nArchitectural Engineer '14","contributors_enabled":false,"verified":false,"name":"Essa Al-Khashawi","profile_sidebar_border_color":"181A1E","profile_background_color":"1A1B1F","created_at":"Sun Jan 30 00:00:17 +0000 2011","default_profile_image":false,"followers_count":153,"geo_enabled":true,"profile_image_url_https":"https:\/\/si0.twimg.com\/profile_images\/2035581420\/image_normal.jpg","profile_background_image_url":"http:\/\/a0.twimg.com\/images\/themes\/theme9\/bg.gif","profile_background_image_url_https":"https:\/\/si0.twimg.com\/images\/themes\/theme9\/bg.gif","follow_request_sent":null,"url":null,"utc_offset":36000,"time_zone":"Melbourne","notifications":null,"profile_use_background_image":true,"friends_count":126,"profile_sidebar_fill_color":"252429","screen_name":"E_Alkhashawi","id_str":"244717963","profile_image_url":"http:\/\/a0.twimg.com\/profile_images\/2035581420\/image_normal.jpg","show_all_inline_media":false,"listed_count":0,"is_translator":false},"coordinates":{"type":"Point","coordinates":[144.97663237,-37.8231541]}}
{"contributors":null,"text":"I'm at Yarra river (Melbourne St Kilda Rd, Victoria) http:\/\/t.co\/jFtEQWyk","geo":{"type":"Point","coordinates":[-37.82316684,144.97689055]},"retweeted":false,"in_reply_to_screen_name":null,"possibly_sensitive":false,"truncated":false,"entities":{"urls":[{"expanded_url":"http:\/\/4sq.com\/HJtIj6","indices":[53,73],"display_url":"4sq.com\/HJtIj6","url":"http:\/\/t.co\/jFtEQWyk"}],"hashtags":[],"user_mentions":[]},"in_reply_to_status_id_str":null,"id":187496050037239808,"in_reply_to_user_id_str":null,"source":"<a href=\"http:\/\/foursquare.com\" rel=\"nofollow\">foursquare<\/a>","favorited":false,"in_reply_to_status_id":null,"created_at":"Wed Apr 04 11:05:16 +0000 2012","in_reply_to_user_id":null,"retweet_count":0,"possibly_sensitive_editable":true,"id_str":"187496050037239808","place":null,"user":{"location":"Kuwait, Melbourne","default_profile":true,"statuses_count":3239,"profile_background_tile":false,"lang":"en","profile_link_color":"0084B4","id":277949817,"following":null,"favourites_count":2,"protected":false,"profile_text_color":"333333","contributors_enabled":false,"description":"","verified":false,"profile_sidebar_border_color":"C0DEED","name":"NoorAlMasaud","profile_background_color":"C0DEED","created_at":"Wed Apr 06 09:13:18 +0000 2011","default_profile_image":false,"followers_count":83,"geo_enabled":true,"profile_image_url_https":"https:\/\/si0.twimg.com\/profile_images\/1533707567\/image_normal.jpg","profile_background_image_url":"http:\/\/a0.twimg.com\/images\/themes\/theme1\/bg.png","profile_background_image_url_https":"https:\/\/si0.twimg.com\/images\/themes\/theme1\/bg.png","follow_request_sent":null,"url":"http:\/\/ask.fm\/Nooralmasaud","utc_offset":null,"time_zone":null,"notifications":null,"friends_count":71,"profile_use_background_image":true,"profile_sidebar_fill_color":"DDEEF6","screen_name":"NoorAlmasaud","id_str":"277949817","show_all_inline_media":false,"profile_image_url":"http:\/\/a0.twimg.com\/profile_images\/1533707567\/image_normal.jpg","is_translator":false,"listed_count":0},"coordinates":{"type":"Point","coordinates":[144.97689055,-37.82316684]}}
{"text":"Since the Moomba Fest.  @ Yarra river http:\/\/t.co\/fnP0908m","contributors":null,"geo":{"type":"Point","coordinates":[-37.8231541,144.97663237]},"retweeted":false,"in_reply_to_screen_name":null,"possibly_sensitive":false,"truncated":false,"entities":{"urls":[{"expanded_url":"http:\/\/instagr.am\/p\/JJQXq-l_0g\/","indices":[38,58],"display_url":"instagr.am\/p\/JJQXq-l_0g\/","url":"http:\/\/t.co\/fnP0908m"}],"hashtags":[],"user_mentions":[]},"in_reply_to_status_id_str":null,"id":188840839940808705,"in_reply_to_user_id_str":null,"source":"<a href=\"http:\/\/instagr.am\" rel=\"nofollow\">Instagram<\/a>","favorited":false,"in_reply_to_status_id":null,"created_at":"Sun Apr 08 04:08:59 +0000 2012","retweet_count":0,"in_reply_to_user_id":null,"possibly_sensitive_editable":true,"id_str":"188840839940808705","place":null,"user":{"location":"Melbourne, Australia","default_profile":false,"profile_background_tile":true,"statuses_count":12824,"lang":"en","profile_link_color":"0084B4","id":77795337,"following":null,"favourites_count":97,"protected":false,"profile_text_color":"333333","description":"It doesn't matter. (\ubcd1\uac00\ub9ac)","contributors_enabled":false,"verified":false,"profile_sidebar_border_color":"a8c7f7","name":"Byeongari","profile_background_color":"022330","created_at":"Sun Sep 27 18:15:07 +0000 2009","default_profile_image":false,"followers_count":93,"profile_image_url_https":"https:\/\/si0.twimg.com\/profile_images\/1903941296\/image_normal.jpg","geo_enabled":true,"profile_background_image_url":"http:\/\/a0.twimg.com\/profile_background_images\/313740436\/5983645885_ec1449b564_b.jpg","profile_background_image_url_https":"https:\/\/si0.twimg.com\/profile_background_images\/313740436\/5983645885_ec1449b564_b.jpg","follow_request_sent":null,"url":"http:\/\/www.facebook.com\/jarukit","utc_offset":25200,"time_zone":"Bangkok","notifications":null,"friends_count":157,"profile_use_background_image":true,"profile_sidebar_fill_color":"C0DFEC","screen_name":"ptkikupong","id_str":"77795337","show_all_inline_media":true,"profile_image_url":"http:\/\/a0.twimg.com\/profile_images\/1903941296\/image_normal.jpg","listed_count":5,"is_translator":false},"coordinates":{"type":"Point","coordinates":[144.97663237,-37.8231541]}}